id,market_id,selection_id,selection_name,odds,line
,2_64983543,0HC64983543N350_3,BUF Bills,1.90909091,-3.5
,2_64983543,0HC64983543P350_1,NE Patriots,1.90909091,3.5
,3_64983543,0OU64983543O4350_1,Over,1.90909091,43.5
,3_64983543,0OU64983543U4350_3,Under,1.90909091,43.5
,1_64983543,0ML64983543_3,BUF Bills,1.52631579,
,1_64983543,0ML64983543_1,NE Patriots,2.6,
,127661438,0QA127661438#1393418675_13L88808Q1-1828996474Q20,Rhamondre Stevenson,1.83333334,
,127661438,0QA127661438#1393418597_13L88808Q1622596392Q20,Stefon Diggs,2.1,
,127661438,0QA127661438#1393418679_13L88808Q11930260006Q20,Devin Singletary,2.3,
,127661438,0QA127661438#1393418708_13L88808Q1-677035407Q20,Josh Allen,2.7,
,127661438,0QA127661438#1393418595_13L88808Q1-837524125Q20,Gabriel Davis,2.9,
,127661438,0QA127661438#1393418610_13L88808Q1-992648746Q20,Jakobi Meyers,3.75,
,127661438,0QA127661438#1393418615_13L88808Q12061179919Q20,Isaiah McKenzie,3.9,
,127661438,0QA127661438#1393418703_13L88808Q1361258000Q20,DeVante Parker,4.0,
,127661438,0QA127661438#1393418635_13L88808Q11470829306Q20,Dawson Knox,4.1,
,127661438,0QA127661438#1393418689_13L88808Q1-1762786291Q20,Hunter Henry,4.4,
,127661438,0QA127661438#1393418656_13L88808Q1-441185216Q20,Nelson Agholor,4.4,
,127661438,0QA127661438#1393418663_13L88808Q11826828834Q20,James Cook,4.6,
,127661438,0QA127661438#1393418599_13L88808Q1-1918085885Q20,Tyquan Thornton,4.8,
,127661438,0QA127661438#1393418630_13L88808Q1773883165Q20,Kendrick Bourne,5.25,
,127661438,0QA127661438#1393418592_13L88808Q12079330986Q20,J.J. Taylor,6.0,
,127661438,0QA127661438#1393418669_13L88808Q1246792384Q20,Jonnu Smith,6.5,
,127661438,0QA127661438#1393418650_13L88808Q12064928219Q20,BUF Bills D/ST,7.0,
,127661438,0QA127661438#1393418645_13L88808Q1-140825016Q20,NE Patriots D/ST,7.5,
,127661438,0QA127661438#1393418605_13L88808Q1834121787Q20,Kevin Harris,7.5,
,127661438,0QA127661438#1393418640_13L88808Q1-754565959Q20,Mac Jones,8.5,
,127661438,0QA127661438#1393418603_13L88808Q1-1834781114Q20,Nyheim Hines,9.0,
,127661438,0QA127661438#1393418608_13L88808Q12079458734Q20,Khalil Shakir,10.0,
,127661438,0QA127661438#1393418625_13L88808Q1-217895092Q20,Pierre Strong,12.0,
,127661438,0QA127661438#1393418683_13L88808Q1-1307850565Q20,Quintin Morris,12.0,
,127661438,0QA127661438#1393418620_13L88808Q1-1772483272Q20,Tommy Sweeney,12.0,
,127661438,0QA127661438#1393418607_13L88808Q1590386545Q20,Reggie Gilliam,12.0,
,127661438,0QA127661438#1393418694_13L88808Q11530422151Q20,Tanner Gentry,15.0,
,127661438,0QA127661438#1393418713_13L88808Q1-1378622933Q20,Raleigh Webb,18.0,
,127661438,0QA127661438#1393418698_13L88808Q1-2141497146Q20,Taiwan Jones,20.0,
,127661438,0QA127661438#1393418601_13L88808Q11168744992Q20,Matthew Slater,23.0,
,127661441,0QA127661441#1393418545_13L88808Q1-1842334837Q20,Rhamondre Stevenson,7.0,
,127661441,0QA127661441#1393418526_13L88808Q11470152022Q20,Stefon Diggs,7.5,
,127661441,0QA127661441#1393418546_13L88808Q1-1516925916Q20,Devin Singletary,8.5,
,127661441,0QA127661441#1393418552_13L88808Q1-463703316Q20,Josh Allen,10.5,
,127661441,0QA127661441#1393418525_13L88808Q1-1464378478Q20,Gabriel Davis,12.0,
,127661441,0QA127661441#1393418534_13L88808Q1166476960Q20,Isaiah McKenzie,16.0,
,127661441,0QA127661441#1393418538_13L88808Q1-2094739783Q20,Dawson Knox,17.0,
,127661441,0QA127661441#1393418533_13L88808Q1681839508Q20,Jakobi Meyers,17.0,
,127661441,0QA127661441#1393418543_13L88808Q11712576467Q20,James Cook,19.0,
,127661441,0QA127661441#1393418551_13L88808Q1-1523312304Q20,DeVante Parker,19.0,
,127661441,0QA127661441#1393418548_13L88808Q1-6857800Q20,Hunter Henry,20.0,
,127661441,0QA127661441#1393418542_13L88808Q11620683935Q20,Nelson Agholor,20.0,
,127661441,0QA127661441#1393418527_13L88808Q1255265400Q20,Tyquan Thornton,21.0,
,127661441,0QA127661441#1393418537_13L88808Q1353447552Q20,Kendrick Bourne,26.0,
,127661441,0QA127661441#1393418541_13L88808Q11248350283Q20,BUF Bills D/ST,29.0,
,127661441,0QA127661441#1393418544_13L88808Q1548061105Q20,Jonnu Smith,29.0,
,127661441,0QA127661441#1393418524_13L88808Q1-2144760926Q20,J.J. Taylor,29.0,
,127661441,0QA127661441#1393418532_13L88808Q11836868840Q20,Khalil Shakir,36.0,
,127661441,0QA127661441#1393418530_13L88808Q163272245Q20,Kevin Harris,36.0,
,127661441,0QA127661441#1393418540_13L88808Q12080924628Q20,NE Patriots D/ST,36.0,
,127661441,0QA127661441#1393418529_13L88808Q12085073120Q20,Nyheim Hines,36.0,
,127661441,0QA127661441#1393418539_13L88808Q1-699135716Q20,Mac Jones,41.0,
,127661441,0QA127661441#1393418535_13L88808Q1753225400Q20,Tommy Sweeney,51.0,
,127661441,0QA127661441#1393418536_13L88808Q11243897549Q20,Pierre Strong,51.0,
,127661441,0QA127661441#1393418547_13L88808Q1751672276Q20,Quintin Morris,51.0,
,127661441,0QA127661441#1393418531_13L88808Q1207112738Q20,Reggie Gilliam,51.0,
,127661441,0QA127661441#1393418549_13L88808Q1-166958992Q20,Tanner Gentry,61.0,
,127661441,0QA127661441#1393418553_13L88808Q11961806313Q20,Raleigh Webb,76.0,
,127661441,0QA127661441#1393418550_13L88808Q1428985317Q20,Taiwan Jones,81.0,
,127661441,0QA127661441#1393418523_13L88808Q1-1777442974Q20,No Touchdown Scorer,91.0,
,127661441,0QA127661441#1393418528_13L88808Q1-1089961912Q20,Matthew Slater,101.0,
,127642718,0QA127642718#1393314335_13L88808Q1-1173266330Q20,Over,1.66666667,1.5
,127642718,0QA127642718#1393314334_13L88808Q1-505880954Q20,Under,2.15,1.5
,127631314,0QA127631314#1393260574_13L88808Q1-1173266330Q20,Over,2.5,1.5
,127631314,0QA127631314#1393260573_13L88808Q1-505880954Q20,Under,1.5,1.5
,127642717,0QA127642717#1394156396_13L88808Q1-934888004Q20,Over,1.86956522,268.5
,127642717,0QA127642717#1394156395_13L88808Q1-990927119Q20,Under,1.86956522,268.5
,127631310,0QA127631310#1394242499_13L88808Q1-1129847391Q20,Over,1.86956522,228.5
,127631310,0QA127631310#1394242498_13L88808Q1-1216687090Q20,Under,1.86956522,228.5
,127642349,0QA127642349#1394263555_13L88808Q11456423832Q20,Over,1.86956522,52.5
,127642349,0QA127642349#1394263554_13L88808Q1-1795482655Q20,Under,1.86956522,52.5
,127747240,0QA127747240#1393879773_13L88808Q11299271549Q20,Over,1.83333334,2.5
,127747240,0QA127747240#1393879772_13L88808Q1-1920316915Q20,Under,1.90909091,2.5
,127747433,0QA127747433#1393880654_13L88808Q11590297313Q20,Over,1.86956522,15.5
,127747433,0QA127747433#1393880653_13L88808Q1-554777605Q20,Under,1.86956522,15.5
,127656410,0QA127656410#1394242495_13L88808Q11144907346Q20,Over,1.83333334,42.5
,127656410,0QA127656410#1394242494_13L88808Q197285228Q20,Under,1.90909091,42.5
,127818809,0QA127818809#1394269176_13L88808Q11128824198Q20,Over,1.83333334,8.5
,127818809,0QA127818809#1394269175_13L88808Q1-1498794643Q20,Under,1.90909091,8.5
,127631312,0QA127631312#1394237718_13L88808Q1-1200175015Q20,Over,1.86956522,62.5
,127631312,0QA127631312#1394237717_13L88808Q1-977413682Q20,Under,1.86956522,62.5
,127656224,0QA127656224#1393647369_13L88808Q1338537918Q20,Over,1.83333334,32.5
,127656224,0QA127656224#1393647368_13L88808Q12089567448Q20,Under,1.86956522,32.5
,127817670,0QA127817670#1394265064_13L88808Q1196693314Q20,Over,1.86956522,35.5
,127817670,0QA127817670#1394265063_13L88808Q1-1428864940Q20,Under,1.86956522,35.5
,127642347,0QA127642347#1393312929_13L88808Q11010315031Q20,Over,1.86956522,11.5
,127642347,0QA127642347#1393312928_13L88808Q1583279365Q20,Under,1.86956522,11.5
,127642927,0QA127642927#1394263562_13L88808Q1190005891Q20,Over,1.86956522,48.5
,127642927,0QA127642927#1394263559_13L88808Q1-1422666369Q20,Under,1.86956522,48.5
,127816851,0QA127816851#1394279760_13L88808Q11948060134Q20,Over,1.83333334,24.5
,127816851,0QA127816851#1394279758_13L88808Q1590051095Q20,Under,1.90909091,24.5
,127656552,0QA127656552#1394351692_13L88808Q1338537918Q20,Over,1.86956522,32.5
,127656552,0QA127656552#1394351691_13L88808Q12089567448Q20,Under,1.86956522,32.5
,127817649,0QA127817649#1394264920_13L88808Q11775076848Q20,Over,2.0,50.5
,127817649,0QA127817649#1394264919_13L88808Q11793606009Q20,Under,1.76923077,50.5
,127816870,0QA127816870#1394260384_13L88808Q1-1199065276Q20,Over,1.86956522,13.5
,127816870,0QA127816870#1394260383_13L88808Q1-1193206195Q20,Under,1.86956522,13.5
,127631311,0QA127631311#1394156398_13L88808Q1196693314Q20,Over,1.90909091,35.5
,127631311,0QA127631311#1394156397_13L88808Q1-1428864940Q20,Under,1.83333334,35.5
,127642725,0QA127642725#1393879278_13L88808Q1-24789261Q20,Over,1.86956522,81.5
,127642725,0QA127642725#1393879276_13L88808Q1-878170921Q20,Under,1.86956522,81.5
,127747414,0QA127747414#1393880586_13L88808Q1-1073983785Q20,Over,2.25,3.5
,127747414,0QA127747414#1393880585_13L88808Q1-1672963010Q20,Under,1.5882353,3.5
,127642345,0QA127642345#1393312935_13L88808Q1-742151343Q20,Over,1.60606061,1.5
,127642345,0QA127642345#1393312934_13L88808Q1-2115487609Q20,Under,2.25,1.5
,127747185,0QA127747185#1393879287_13L88808Q1-1073983785Q20,Over,2.2,3.5
,127747185,0QA127747185#1393879286_13L88808Q1-1672963010Q20,Under,1.625,3.5
,127816865,0QA127816865#1394260374_13L88808Q1-1230047848Q20,Over,1.95238096,2.5
,127816865,0QA127816865#1394260373_13L88808Q1-1364398919Q20,Under,1.8,2.5
,127747242,0QA127747242#1394292188_13L88808Q1-1073983785Q20,Over,2.35,3.5
,127747242,0QA127747242#1394292187_13L88808Q1-1672963010Q20,Under,1.54054055,3.5
,127817648,0QA127817648#1394264918_13L88808Q12145849178Q20,Over,2.15,4.5
,127817648,0QA127817648#1394264917_13L88808Q1-1231899464Q20,Under,1.6451613,4.5
,127816871,0QA127816871#1394260382_13L88808Q1-742151343Q20,Over,1.8,1.5
,127816871,0QA127816871#1394260381_13L88808Q1-2115487609Q20,Under,1.95238096,1.5
,127818783,0QA127818783#1394269111_13L88808Q12145849178Q20,Over,2.0,4.5
,127818783,0QA127818783#1394269110_13L88808Q1-1231899464Q20,Under,1.76923077,4.5
,127747184,0QA127747184#1393879283_13L88808Q1-492844243Q20,Over,2.0,6.5
,127747184,0QA127747184#1393879282_13L88808Q11878008715Q20,Under,1.76923077,6.5
,127745864,0QA127745864#1393873291_13L88808Q1404835310Q20,Over,2.0,517.5
,127745864,0QA127745864#1393873292_13L88808Q11177799650Q20,Under,1.76923077,517.5
,127745873,0QA127745873#1393873091_13L88808Q11534845927Q20,Josh Allen,1.38461539,
,127745873,0QA127745873#1393873088_13L88808Q1720946125Q20,Mac Jones,2.9,
,127745848,0QA127745848#1393873208_15L88808Q11200362601Q20,Josh Allen,1.86956522,-42.5
,127745848,0QA127745848#1393873207_13L88808Q11969285464Q20,Mac Jones,1.86956522,42.5
,127745867,0QA127745867#1393873069_13L88808Q11817285190Q20,Over,1.90909091,3.5
,127745867,0QA127745867#1393873071_13L88808Q1-733853457Q20,Under,1.83333334,3.5
,127745878,0QA127745878#1393873110_13L88808Q1-1544762511Q20,Josh Allen,1.32258065,
,127745878,0QA127745878#1393873107_13L88808Q11665772828Q20,Mac Jones,3.2,
,127745859,0QA127745859#1393873038_15L88808Q11272330370Q20,Josh Allen,1.74074075,-0.5
,127745859,0QA127745859#1393873037_13L88808Q1-442368825Q20,Mac Jones,2.05,0.5
,127745869,0QA127745869#1393873293_13L88808Q1-1005946667Q20,Over,1.86956522,111.5
,127745869,0QA127745869#1393873295_13L88808Q1-973891721Q20,Under,1.86956522,111.5
,127745877,0QA127745877#1393873099_13L88808Q12070436575Q20,Devin Singletary,2.15,
,127745877,0QA127745877#1393873098_13L88808Q11523416390Q20,Rhamondre Stevenson,1.6451613,
,127745858,0QA127745858#1393873300_15L88808Q1-64891209Q20,Devin Singletary,1.86956522,8.5
,127745858,0QA127745858#1393873298_13L88808Q1-1392864915Q20,Rhamondre Stevenson,1.86956522,-8.5
,3_68127069,0OU68127069O250_1,Over,1.8,2.5
,3_68127069,0OU68127069U250_3,Under,1.86956522,2.5
,3_68127068,0OU68127068O250_1,Over,2.45,2.5
,3_68127068,0OU68127068U250_3,Under,1.52631579,2.5
,3_68127071,0OU68127071O1950_1,Over,1.83333334,19.5
,3_68127071,0OU68127071U1950_3,Under,2.0,19.5
,3_68127072,0OU68127072O2350_1,Over,1.86956522,23.5
,3_68127072,0OU68127072U2350_3,Under,1.95238096,23.5
,127613774,0QA127613774#1393152395_13L88808Q13Q212130,21-30,2.5,
,127613774,0QA127613774#1393152287_13L88808Q12Q211120,11-20,2.9,
,127613774,0QA127613774#1393152398_13L88808Q14Q213140,31-40,4.7,
,127613774,0QA127613774#1393152284_13L88808Q11Q210110,0-10,11.0,
,127613774,0QA127613774#1393152418_13L88808Q15Q214150,41-50,18.0,
,127613774,0QA127613774#1393152421_13L88808Q16Q215199,51+,66.0,
,127613775,0QA127613775#1393152286_13L88808Q12Q211120,11-20,2.35,
,127613775,0QA127613775#1393152396_13L88808Q13Q212130,21-30,2.75,
,127613775,0QA127613775#1393152285_13L88808Q11Q210110,0-10,5.75,
,127613775,0QA127613775#1393152397_13L88808Q14Q213140,31-40,8.0,
,127613775,0QA127613775#1393152419_13L88808Q15Q214150,41-50,36.0,
,127613775,0QA127613775#1393152420_13L88808Q16Q215199,51+,91.0,
,127636597,0QA127636597#1393290141_13L88808Q1-856921218Q20,Punt,2.0,
,127636597,0QA127636597#1393290142_13L88808Q12079213996Q20,Touchdown,3.7,
,127636597,0QA127636597#1393290143_13L88808Q1-86096999Q20,"Turnover, Turnover on Downs or Safety",4.9,
,127636597,0QA127636597#1393290139_13L88808Q1-1948595731Q20,Field Goal Attempt,5.75,
,127636595,0QA127636595#1393290132_13L88808Q1650559943Q20,No Offensive Score,1.48780488,
,127636595,0QA127636595#1393290133_13L88808Q1517998783Q20,Offensive Score,2.6,
,127613727,0QA127613727#1393152237_13L88808Q10Q20,Yes,5.75,
,127613727,0QA127613727#1393152334_13L88808Q10Q21,No,1.11111112,
,127636596,0QA127636596#1393290137_13L88808Q1-856921218Q20,Punt,1.8,
,127636596,0QA127636596#1393290138_13L88808Q12079213996Q20,Touchdown,4.6,
,127636596,0QA127636596#1393290136_13L88808Q1-1948595731Q20,Field Goal Attempt,4.9,
,127636596,0QA127636596#1393290140_13L88808Q1-86096999Q20,"Turnover, Turnover on Downs or Safety",5.5,
,127636598,0QA127636598#1393290134_13L88808Q1650559943Q20,No Offensive Score,1.40816327,
,127636598,0QA127636598#1393290135_13L88808Q1517998783Q20,Offensive Score,2.95,
,127808820,0QA127808820#1394206457_13L88808Q11Q22,Yes,2.8,
,127808820,0QA127808820#1394206458_13L88808Q13Q24,No,1.44444445,
,127577850,0QA127577850#1392828615_13L88808Q12144217015Q20,Yes,2.0,
,127577850,0QA127577850#1392828616_13L88808Q11704823223Q20,No,1.74074075,
,3_68127080,0OU68127080O2350_1,Over,1.90909091,23.5
,3_68127080,0OU68127080U2350_3,Under,1.86956522,23.5
,1_68127073,0ML68127073_3,BUF Bills,1.71428572,
,1_68127073,0ML68127073_1,NE Patriots,2.1,
,127000398,0QA127000398#1389326572_13L88808Q1-912857727Q20,Yes,1.86956522,
,127000398,0QA127000398#1389326573_13L88808Q1-215146454Q20,No,1.86956522,
,3_68127079,0OU68127079O950_1,Over,1.95238096,9.5
,3_68127079,0OU68127079U950_3,Under,1.83333334,9.5
,127613716,0QA127613716#1393152405_13L88808Q10Q221,Away Touchdown,2.8,
,127613716,0QA127613716#1393152411_13L88808Q10Q210,Away Field Goal,4.2,
,127613716,0QA127613716#1393152425_13L88808Q10Q220,Away Safety,76.0,
,127613716,0QA127613716#1393152225_13L88808Q10Q212,Home Touchdown,3.6,
,127613716,0QA127613716#1393152346_13L88808Q10Q213,Home Field Goal,4.7,
,127613716,0QA127613716#1393152369_13L88808Q10Q211,Home Safety,76.0,
,127613717,0QA127613717#1393152227_13L88808Q11Q21,Touchdown,1.5882353,
,127613717,0QA127613717#1393152344_13L88808Q12Q22,Field Goal,2.25,
,127613717,0QA127613717#1393152370_13L88808Q13Q23,Safety,31.0,
,2_68118244,0HC68118244N250_3,BUF Bills,1.86956522,-2.5
,2_68118244,0HC68118244P250_1,NE Patriots,1.95238096,2.5
,3_68118244,0OU68118244O2150_1,Over,1.95238096,21.5
,3_68118244,0OU68118244U2150_3,Under,1.86956522,21.5
,1_68118244,0ML68118244_3,BUF Bills,1.60606061,
,1_68118244,0ML68118244_1,NE Patriots,2.4,
,2_68118245,0HC68118245N150_3,BUF Bills,2.2,-1.5
,2_68118245,0HC68118245P150_1,NE Patriots,1.71428572,1.5
,3_68118245,0OU68118245O750_1,Over,1.95238096,7.5
,3_68118245,0OU68118245U750_3,Under,1.86956522,7.5
,1_68118245,0ML68118245_3,BUF Bills,1.71428572,
,1_68118245,0ML68118245_1,NE Patriots,2.2,
,2_68127090,0HC68127090N150_3,BUF Bills,1.95238096,-1.5
,2_68127090,0HC68127090P150_1,NE Patriots,1.86956522,1.5
,3_68127090,0OU68127090O1250_1,Over,1.74074075,12.5
,3_68127090,0OU68127090U1250_3,Under,2.15,12.5
,1_68127090,0ML68127090_3,BUF Bills,1.66666667,
,1_68127090,0ML68127090_1,NE Patriots,2.3,
,2_68127091,0HC68127091N150_3,BUF Bills,2.2,-1.5
,2_68127091,0HC68127091P150_1,NE Patriots,1.71428572,1.5
,3_68127091,0OU68127091O850_1,Over,1.86956522,8.5
,3_68127091,0OU68127091U850_3,Under,1.95238096,8.5
,1_68127091,0ML68127091_3,BUF Bills,1.71428572,
,1_68127091,0ML68127091_1,NE Patriots,2.2,
,2_68127092,0HC68127092N150_3,BUF Bills,2.15,-1.5
,2_68127092,0HC68127092P150_1,NE Patriots,1.74074075,1.5
,3_68127092,0OU68127092O1250_1,Over,1.90909091,12.5
,3_68127092,0OU68127092U1250_3,Under,1.90909091,12.5
,1_68127092,0ML68127092_3,BUF Bills,1.8,
,1_68127092,0ML68127092_1,NE Patriots,2.05,
,2_64983549,0HC64983549P300_3,NY Jets,1.90909091,3.0
,2_64983549,0HC64983549N300_1,MIN Vikings,1.90909091,-3.0
,3_64983549,0OU64983549O4450_1,Over,1.90909091,44.5
,3_64983549,0OU64983549U4450_3,Under,1.90909091,44.5
,1_64983549,0ML64983549_3,NY Jets,2.35,
,1_64983549,0ML64983549_1,MIN Vikings,1.6451613,
,3_68127172,0OU68127172O250_1,Over,1.71428572,2.5
,3_68127172,0OU68127172U250_3,Under,2.0,2.5
,3_68127173,0OU68127173O250_1,Over,2.2,2.5
,3_68127173,0OU68127173U250_3,Under,1.625,2.5
,3_68127176,0OU68127176O2050_1,Over,1.90909091,20.5
,3_68127176,0OU68127176U2050_3,Under,1.90909091,20.5
,3_68127175,0OU68127175O2350_1,Over,1.90909091,23.5
,3_68127175,0OU68127175U2350_3,Under,1.90909091,23.5
,127614085,0QA127614085#1393153484_13L88808Q13Q212130,21-30,2.4,
,127614085,0QA127614085#1393153374_13L88808Q12Q211120,11-20,3.0,
,127614085,0QA127614085#1393153485_13L88808Q14Q213140,31-40,4.8,
,127614085,0QA127614085#1393153373_13L88808Q11Q210110,0-10,10.5,
,127614085,0QA127614085#1393153507_13L88808Q15Q214150,41-50,19.0,
,127614085,0QA127614085#1393153508_13L88808Q16Q215199,51+,66.0,
,127614084,0QA127614084#1393153375_13L88808Q12Q211120,11-20,2.55,
,127614084,0QA127614084#1393153483_13L88808Q13Q212130,21-30,2.65,
,127614084,0QA127614084#1393153486_13L88808Q14Q213140,31-40,6.5,
,127614084,0QA127614084#1393153372_13L88808Q11Q210110,0-10,6.5,
,127614084,0QA127614084#1393153506_13L88808Q15Q214150,41-50,29.0,
,127614084,0QA127614084#1393153509_13L88808Q16Q215199,51+,81.0,
,127614037,0QA127614037#1393153325_13L88808Q10Q20,Yes,5.75,
,127614037,0QA127614037#1393153422_13L88808Q10Q21,No,1.125,
,127001338,0QA127001338#1389332406_13L88808Q11287276071Q20,Yes,1.90909091,
,127001338,0QA127001338#1389332407_13L88808Q1-2098810608Q20,No,1.83333334,
,127001337,0QA127001337#1389332388_13L88808Q12144217015Q20,Yes,2.05,
,127001337,0QA127001337#1389332389_13L88808Q11704823223Q20,No,1.71428572,
,3_68127184,0OU68127184O2450_1,Over,1.90909091,24.5
,3_68127184,0OU68127184U2450_3,Under,1.86956522,24.5
,1_68127177,0ML68127177_3,NY Jets,2.0,
,1_68127177,0ML68127177_1,MIN Vikings,1.76923077,
,127001346,0QA127001346#1389332870_13L88808Q1-912857727Q20,Yes,1.86956522,
,127001346,0QA127001346#1389332871_13L88808Q1-215146454Q20,No,1.86956522,
,3_68127183,0OU68127183O850_1,Over,1.86956522,8.5
,3_68127183,0OU68127183U850_3,Under,1.90909091,8.5
,127614026,0QA127614026#1393153493_13L88808Q10Q221,Away Touchdown,3.55,
,127614026,0QA127614026#1393153499_13L88808Q10Q210,Away Field Goal,4.3,
,127614026,0QA127614026#1393153513_13L88808Q10Q220,Away Safety,66.0,
,127614026,0QA127614026#1393153313_13L88808Q10Q212,Home Touchdown,2.8,
,127614026,0QA127614026#1393153434_13L88808Q10Q213,Home Field Goal,4.4,
,127614026,0QA127614026#1393153457_13L88808Q10Q211,Home Safety,76.0,
,127614027,0QA127614027#1393153315_13L88808Q11Q21,Touchdown,1.5882353,
,127614027,0QA127614027#1393153432_13L88808Q12Q22,Field Goal,2.2,
,127614027,0QA127614027#1393153458_13L88808Q13Q23,Safety,29.0,
,2_68118246,0HC68118246P250_3,NY Jets,1.90909091,2.5
,2_68118246,0HC68118246N250_1,MIN Vikings,1.90909091,-2.5
,3_68118246,0OU68118246O2150_1,Over,1.90909091,21.5
,3_68118246,0OU68118246U2150_3,Under,1.90909091,21.5
,1_68118246,0ML68118246_3,NY Jets,2.3,
,1_68118246,0ML68118246_1,MIN Vikings,1.66666667,
,2_68118247,0HC68118247P150_3,NY Jets,1.68965518,1.5
,2_68118247,0HC68118247N150_1,MIN Vikings,2.25,-1.5
,3_68118247,0OU68118247O750_1,Over,1.95238096,7.5
,3_68118247,0OU68118247U750_3,Under,1.86956522,7.5
,1_68118247,0ML68118247_3,NY Jets,2.2,
,1_68118247,0ML68118247_1,MIN Vikings,1.71428572,
,2_68127194,0HC68127194P150_3,NY Jets,1.83333334,1.5
,2_68127194,0HC68127194N150_1,MIN Vikings,2.0,-1.5
,3_68127194,0OU68127194O1350_1,Over,2.15,13.5
,3_68127194,0OU68127194U1350_3,Under,1.74074075,13.5
,1_68127194,0ML68127194_3,NY Jets,2.25,
,1_68127194,0ML68127194_1,MIN Vikings,1.68965518,
,2_68127195,0HC68127195P150_3,NY Jets,1.66666667,1.5
,2_68127195,0HC68127195N150_1,MIN Vikings,2.3,-1.5
,3_68127195,0OU68127195O950_1,Over,1.95238096,9.5
,3_68127195,0OU68127195U950_3,Under,1.86956522,9.5
,1_68127195,0ML68127195_3,NY Jets,2.0,
,1_68127195,0ML68127195_1,MIN Vikings,1.83333334,
,2_68127196,0HC68127196P150_3,NY Jets,1.68965518,1.5
,2_68127196,0HC68127196N150_1,MIN Vikings,2.25,-1.5
,3_68127196,0OU68127196O1350_1,Over,2.0,13.5
,3_68127196,0OU68127196U1350_3,Under,1.83333334,13.5
,1_68127196,0ML68127196_3,NY Jets,2.0,
,1_68127196,0ML68127196_1,MIN Vikings,1.83333334,
,2_64983550,0HC64983550N250_3,WAS Commanders,1.90909091,-2.5
,2_64983550,0HC64983550P250_1,NY Giants,1.90909091,2.5
,3_64983550,0OU64983550O4050_1,Over,1.90909091,40.5
,3_64983550,0OU64983550U4050_3,Under,1.90909091,40.5
,1_64983550,0ML64983550_3,WAS Commanders,1.74074075,
,1_64983550,0ML64983550_1,NY Giants,2.15,
,3_68127199,0OU68127199O250_1,Over,2.35,2.5
,3_68127199,0OU68127199U250_3,Under,1.57142858,2.5
,3_68127198,0OU68127198O250_1,Over,2.55,2.5
,3_68127198,0OU68127198U250_3,Under,1.47619048,2.5
,3_68127201,0OU68127201O1950_1,Over,1.83333334,19.5
,3_68127201,0OU68127201U1950_3,Under,2.0,19.5
,3_68127202,0OU68127202O2050_1,Over,1.90909091,20.5
,3_68127202,0OU68127202U2050_3,Under,1.90909091,20.5
,127614162,0QA127614162#1393153620_13L88808Q12Q211120,11-20,2.35,
,127614162,0QA127614162#1393153730_13L88808Q13Q212130,21-30,2.85,
,127614162,0QA127614162#1393153619_13L88808Q11Q210110,0-10,5.25,
,127614162,0QA127614162#1393153731_13L88808Q14Q213140,31-40,8.0,
,127614162,0QA127614162#1393153753_13L88808Q15Q214150,41-50,36.0,
,127614162,0QA127614162#1393153754_13L88808Q16Q215199,51+,81.0,
,127614161,0QA127614161#1393153621_13L88808Q12Q211120,11-20,2.55,
,127614161,0QA127614161#1393153729_13L88808Q13Q212130,21-30,2.6,
,127614161,0QA127614161#1393153618_13L88808Q11Q210110,0-10,6.5,
,127614161,0QA127614161#1393153732_13L88808Q14Q213140,31-40,7.0,
,127614161,0QA127614161#1393153752_13L88808Q15Q214150,41-50,26.0,
,127614161,0QA127614161#1393153755_13L88808Q16Q215199,51+,81.0,
,127614114,0QA127614114#1393153571_13L88808Q10Q20,Yes,5.75,
,127614114,0QA127614114#1393153668_13L88808Q10Q21,No,1.11111112,
,127594761,0QA127594761#1392964927_13L88808Q11287276071Q20,Yes,1.83333334,
,127594761,0QA127594761#1392964928_13L88808Q1-2098810608Q20,No,1.90909091,
,127001383,0QA127001383#1389333013_13L88808Q12144217015Q20,Yes,1.90909091,
,127001383,0QA127001383#1389333014_13L88808Q11704823223Q20,No,1.83333334,
,3_68127210,0OU68127210O2650_1,Over,1.90909091,26.5
,3_68127210,0OU68127210U2650_3,Under,1.86956522,26.5
,1_68127203,0ML68127203_3,WAS Commanders,1.83333334,
,1_68127203,0ML68127203_1,NY Giants,1.90909091,
,127001428,0QA127001428#1389333593_13L88808Q1-912857727Q20,Yes,1.8,
,127001428,0QA127001428#1389333594_13L88808Q1-215146454Q20,No,1.95238096,
,3_68127209,0OU68127209O950_1,Over,1.90909091,9.5
,3_68127209,0OU68127209U950_3,Under,1.86956522,9.5
,127614103,0QA127614103#1393153739_13L88808Q10Q221,Away Touchdown,3.35,
,127614103,0QA127614103#1393153745_13L88808Q10Q210,Away Field Goal,3.95,
,127614103,0QA127614103#1393153759_13L88808Q10Q220,Away Safety,66.0,
,127614103,0QA127614103#1393153559_13L88808Q10Q212,Home Touchdown,3.6,
,127614103,0QA127614103#1393153680_13L88808Q10Q213,Home Field Goal,3.9,
,127614103,0QA127614103#1393153703_13L88808Q10Q211,Home Safety,71.0,
,127614104,0QA127614104#1393153561_13L88808Q11Q21,Touchdown,1.76923077,
,127614104,0QA127614104#1393153678_13L88808Q12Q22,Field Goal,1.95238096,
,127614104,0QA127614104#1393153704_13L88808Q13Q23,Safety,29.0,
,2_68118395,0HC68118395N150_3,WAS Commanders,2.1,-1.5
,2_68118395,0HC68118395P150_1,NY Giants,1.76923077,1.5
,3_68118395,0OU68118395O1950_1,Over,1.86956522,19.5
,3_68118395,0OU68118395U1950_3,Under,1.95238096,19.5
,1_68118395,0ML68118395_3,WAS Commanders,1.83333334,
,1_68118395,0ML68118395_1,NY Giants,2.0,
,2_68118396,0HC68118396N150_3,WAS Commanders,2.5,-1.5
,2_68118396,0HC68118396P150_1,NY Giants,1.57142858,1.5
,3_68118396,0OU68118396O750_1,Over,2.2,7.5
,3_68118396,0OU68118396U750_3,Under,1.71428572,7.5
,1_68118396,0ML68118396_3,WAS Commanders,1.86956522,
,1_68118396,0ML68118396_1,NY Giants,1.95238096,
,2_68127220,0HC68127220N150_3,WAS Commanders,2.25,-1.5
,2_68127220,0HC68127220P150_1,NY Giants,1.68965518,1.5
,3_68127220,0OU68127220O1050_1,Over,1.95238096,10.5
,3_68127220,0OU68127220U1050_3,Under,1.86956522,10.5
,1_68127220,0ML68127220_3,WAS Commanders,1.83333334,
,1_68127220,0ML68127220_1,NY Giants,2.0,
,2_68127221,0HC68127221N150_3,WAS Commanders,2.35,-1.5
,2_68127221,0HC68127221P150_1,NY Giants,1.6451613,1.5
,3_68127221,0OU68127221O750_1,Over,1.90909091,7.5
,3_68127221,0OU68127221U750_3,Under,1.90909091,7.5
,1_68127221,0ML68127221_3,WAS Commanders,1.8,
,1_68127221,0ML68127221_1,NY Giants,2.05,
,2_68127222,0HC68127222N150_3,WAS Commanders,2.3,-1.5
,2_68127222,0HC68127222P150_1,NY Giants,1.66666667,1.5
,3_68127222,0OU68127222O1250_1,Over,1.90909091,12.5
,3_68127222,0OU68127222U1250_3,Under,1.90909091,12.5
,1_68127222,0ML68127222_3,WAS Commanders,1.83333334,
,1_68127222,0ML68127222_1,NY Giants,2.0,
,2_64983551,0HC64983551P450_3,TEN Titans,1.90909091,4.5
,2_64983551,0HC64983551N450_1,PHI Eagles,1.90909091,-4.5
,3_64983551,0OU64983551O4450_1,Over,1.90909091,44.5
,3_64983551,0OU64983551U4450_3,Under,1.90909091,44.5
,1_64983551,0ML64983551_3,TEN Titans,2.8,
,1_64983551,0ML64983551_1,PHI Eagles,1.47619048,
,3_68139267,0OU68139267O250_1,Over,2.45,2.5
,3_68139267,0OU68139267U250_3,Under,1.52631579,2.5
,3_68139266,0OU68139266O250_1,Over,1.66666667,2.5
,3_68139266,0OU68139266U250_3,Under,2.1,2.5
,3_68139270,0OU68139270O1950_1,Over,1.8,19.5
,3_68139270,0OU68139270U1950_3,Under,2.05,19.5
,3_68139269,0OU68139269O2450_1,Over,1.95238096,24.5
,3_68139269,0OU68139269U2450_3,Under,1.86956522,24.5
,127706715,0QA127706715#1393666301_13L88808Q13Q212130,21-30,2.3,
,127706715,0QA127706715#1393666191_13L88808Q12Q211120,11-20,3.25,
,127706715,0QA127706715#1393666302_13L88808Q14Q213140,31-40,4.3,
,127706715,0QA127706715#1393666190_13L88808Q11Q210110,0-10,14.0,
,127706715,0QA127706715#1393666324_13L88808Q15Q214150,41-50,16.0,
,127706715,0QA127706715#1393666325_13L88808Q16Q215199,51+,61.0,
,127706714,0QA127706714#1393666192_13L88808Q12Q211120,11-20,2.4,
,127706714,0QA127706714#1393666300_13L88808Q13Q212130,21-30,2.8,
,127706714,0QA127706714#1393666189_13L88808Q11Q210110,0-10,5.5,
,127706714,0QA127706714#1393666303_13L88808Q14Q213140,31-40,7.5,
,127706714,0QA127706714#1393666323_13L88808Q15Q214150,41-50,36.0,
,127706714,0QA127706714#1393666326_13L88808Q16Q215199,51+,81.0,
,127706667,0QA127706667#1393666142_13L88808Q10Q20,Yes,5.75,
,127706667,0QA127706667#1393666239_13L88808Q10Q21,No,1.11111112,
,127594762,0QA127594762#1392964941_13L88808Q12144217015Q20,Yes,2.05,
,127594762,0QA127594762#1392964942_13L88808Q11704823223Q20,No,1.74074075,
,3_68139278,0OU68139278O2350_1,Over,1.86956522,23.5
,3_68139278,0OU68139278U2350_3,Under,1.90909091,23.5
,1_68139271,0ML68139271_3,TEN Titans,2.25,
,1_68139271,0ML68139271_1,PHI Eagles,1.6451613,
,3_68139277,0OU68139277O950_1,Over,1.95238096,9.5
,3_68139277,0OU68139277U950_3,Under,1.83333334,9.5
,127706656,0QA127706656#1393666310_13L88808Q10Q221,Away Touchdown,4.2,
,127706656,0QA127706656#1393666316_13L88808Q10Q210,Away Field Goal,4.5,
,127706656,0QA127706656#1393666330_13L88808Q10Q220,Away Safety,66.0,
,127706656,0QA127706656#1393666130_13L88808Q10Q212,Home Touchdown,2.55,
,127706656,0QA127706656#1393666251_13L88808Q10Q213,Home Field Goal,4.2,
,127706656,0QA127706656#1393666274_13L88808Q10Q211,Home Safety,76.0,
,127706657,0QA127706657#1393666132_13L88808Q11Q21,Touchdown,1.60606061,
,127706657,0QA127706657#1393666249_13L88808Q12Q22,Field Goal,2.2,
,127706657,0QA127706657#1393666275_13L88808Q13Q23,Safety,29.0,
,2_68138334,0HC68138334P350_3,TEN Titans,1.83333334,3.5
,2_68138334,0HC68138334N350_1,PHI Eagles,2.0,-3.5
,3_68138334,0OU68138334O2150_1,Over,1.95238096,21.5
,3_68138334,0OU68138334U2150_3,Under,1.86956522,21.5
,1_68138334,0ML68138334_3,TEN Titans,2.6,
,1_68138334,0ML68138334_1,PHI Eagles,1.52631579,
,2_68138335,0HC68138335P150_3,TEN Titans,1.86956522,1.5
,2_68138335,0HC68138335N150_1,PHI Eagles,1.95238096,-1.5
,3_68138335,0OU68138335O750_1,Over,1.95238096,7.5
,3_68138335,0OU68138335U750_3,Under,1.86956522,7.5
,1_68138335,0ML68138335_3,TEN Titans,2.55,
,1_68138335,0ML68138335_1,PHI Eagles,1.55555556,
,2_68139288,0HC68139288P150_3,TEN Titans,1.83333334,1.5
,2_68139288,0HC68139288N150_1,PHI Eagles,2.0,-1.5
,3_68139288,0OU68139288O1250_1,Over,1.74074075,12.5
,3_68139288,0OU68139288U1250_3,Under,2.15,12.5
,1_68139288,0ML68139288_3,TEN Titans,2.3,
,1_68139288,0ML68139288_1,PHI Eagles,1.66666667,
,2_68139289,0HC68139289P150_3,TEN Titans,1.71428572,1.5
,2_68139289,0HC68139289N150_1,PHI Eagles,2.2,-1.5
,3_68139289,0OU68139289O950_1,Over,1.90909091,9.5
,3_68139289,0OU68139289U950_3,Under,1.90909091,9.5
,1_68139289,0ML68139289_3,TEN Titans,2.2,
,1_68139289,0ML68139289_1,PHI Eagles,1.71428572,
,2_68139290,0HC68139290P150_3,TEN Titans,1.71428572,1.5
,2_68139290,0HC68139290N150_1,PHI Eagles,2.2,-1.5
,3_68139290,0OU68139290O1350_1,Over,2.0,13.5
,3_68139290,0OU68139290U1350_3,Under,1.83333334,13.5
,1_68139290,0ML68139290_3,TEN Titans,2.1,
,1_68139290,0ML68139290_1,PHI Eagles,1.76923077,
,2_64983545,0HC64983545P800_3,DEN Broncos,1.90909091,8.0
,2_64983545,0HC64983545N800_1,BAL Ravens,1.90909091,-8.0
,3_64983545,0OU64983545O3850_1,Over,1.90909091,38.5
,3_64983545,0OU64983545U3850_3,Under,1.90909091,38.5
,1_64983545,0ML64983545_3,DEN Broncos,3.95,
,1_64983545,0ML64983545_1,BAL Ravens,1.27777778,
,3_68127095,0OU68127095O150_1,Over,2.0,1.5
,3_68127095,0OU68127095U150_3,Under,1.71428572,1.5
,3_68127094,0OU68127094O250_1,Over,1.86956522,2.5
,3_68127094,0OU68127094U250_3,Under,1.8,2.5
,3_68127098,0OU68127098O1450_1,Over,1.95238096,14.5
,3_68127098,0OU68127098U1450_3,Under,1.86956522,14.5
,3_68127097,0OU68127097O2350_1,Over,1.95238096,23.5
,3_68127097,0OU68127097U2350_3,Under,1.86956522,23.5
,127613852,0QA127613852#1393152641_13L88808Q13Q212130,21-30,2.45,
,127613852,0QA127613852#1393152531_13L88808Q12Q211120,11-20,2.9,
,127613852,0QA127613852#1393152642_13L88808Q14Q213140,31-40,4.9,
,127613852,0QA127613852#1393152530_13L88808Q11Q210110,0-10,10.5,
,127613852,0QA127613852#1393152664_13L88808Q15Q214150,41-50,18.0,
,127613852,0QA127613852#1393152665_13L88808Q16Q215199,51+,61.0,
,127613851,0QA127613851#1393152532_13L88808Q12Q211120,11-20,2.2,
,127613851,0QA127613851#1393152529_13L88808Q11Q210110,0-10,2.65,
,127613851,0QA127613851#1393152640_13L88808Q13Q212130,21-30,4.5,
,127613851,0QA127613851#1393152643_13L88808Q14Q213140,31-40,19.0,
,127613851,0QA127613851#1393152663_13L88808Q15Q214150,41-50,76.0,
,127613851,0QA127613851#1393152666_13L88808Q16Q215199,51+,101.0,
,127613804,0QA127613804#1393152482_13L88808Q10Q20,Yes,6.0,
,127613804,0QA127613804#1393152579_13L88808Q10Q21,No,1.1,
,127594778,0QA127594778#1392965424_13L88808Q11287276071Q20,Yes,1.83333334,
,127594778,0QA127594778#1392965425_13L88808Q1-2098810608Q20,No,1.90909091,
,127000626,0QA127000626#1389327745_13L88808Q12144217015Q20,Yes,1.86956522,
,127000626,0QA127000626#1389327746_13L88808Q11704823223Q20,No,1.86956522,
,3_68127106,0OU68127106O2650_1,Over,1.86956522,26.5
,3_68127106,0OU68127106U2650_3,Under,1.90909091,26.5
,1_68127099,0ML68127099_3,DEN Broncos,2.4,
,1_68127099,0ML68127099_1,BAL Ravens,1.57142858,
,127591524,0QA127591524#1392928902_13L88808Q1-912857727Q20,Yes,1.90909091,
,127591524,0QA127591524#1392928903_13L88808Q1-215146454Q20,No,1.8,
,3_68127105,0OU68127105O950_1,Over,1.90909091,9.5
,3_68127105,0OU68127105U950_3,Under,1.86956522,9.5
,127613793,0QA127613793#1393152650_13L88808Q10Q221,Away Touchdown,5.5,
,127613793,0QA127613793#1393152656_13L88808Q10Q210,Away Field Goal,4.2,
,127613793,0QA127613793#1393152670_13L88808Q10Q220,Away Safety,61.0,
,127613793,0QA127613793#1393152470_13L88808Q10Q212,Home Touchdown,2.55,
,127613793,0QA127613793#1393152591_13L88808Q10Q213,Home Field Goal,3.7,
,127613793,0QA127613793#1393152614_13L88808Q10Q211,Home Safety,71.0,
,127613794,0QA127613794#1393152472_13L88808Q11Q21,Touchdown,1.74074075,
,127613794,0QA127613794#1393152589_13L88808Q12Q22,Field Goal,2.0,
,127613794,0QA127613794#1393152615_13L88808Q13Q23,Safety,26.0,
,2_68118248,0HC68118248P450_3,DEN Broncos,1.86956522,4.5
,2_68118248,0HC68118248N450_1,BAL Ravens,1.95238096,-4.5
,3_68118248,0OU68118248O1950_1,Over,1.86956522,19.5
,3_68118248,0OU68118248U1950_3,Under,1.95238096,19.5
,1_68118248,0ML68118248_3,DEN Broncos,3.4,
,1_68118248,0ML68118248_1,BAL Ravens,1.3508772,
,2_68118249,0HC68118249P250_3,DEN Broncos,1.90909091,2.5
,2_68118249,0HC68118249N250_1,BAL Ravens,1.90909091,-2.5
,3_68118249,0OU68118249O750_1,Over,2.25,7.5
,3_68118249,0OU68118249U750_3,Under,1.68965518,7.5
,1_68118249,0ML68118249_3,DEN Broncos,2.95,
,1_68118249,0ML68118249_1,BAL Ravens,1.43478261,
,2_68127116,0HC68127116P250_3,DEN Broncos,2.1,2.5
,2_68127116,0HC68127116N250_1,BAL Ravens,1.76923077,-2.5
,3_68127116,0OU68127116O1050_1,Over,1.95238096,10.5
,3_68127116,0OU68127116U1050_3,Under,1.86956522,10.5
,1_68127116,0ML68127116_3,DEN Broncos,2.8,
,1_68127116,0ML68127116_1,BAL Ravens,1.47619048,
,2_68127117,0HC68127117P150_3,DEN Broncos,1.90909091,1.5
,2_68127117,0HC68127117N150_1,BAL Ravens,1.90909091,-1.5
,3_68127117,0OU68127117O750_1,Over,2.15,7.5
,3_68127117,0OU68127117U750_3,Under,1.74074075,7.5
,1_68127117,0ML68127117_3,DEN Broncos,2.65,
,1_68127117,0ML68127117_1,BAL Ravens,1.51282052,
,2_68127118,0HC68127118P150_3,DEN Broncos,1.95238096,1.5
,2_68127118,0HC68127118N150_1,BAL Ravens,1.86956522,-1.5
,3_68127118,0OU68127118O1050_1,Over,2.15,10.5
,3_68127118,0OU68127118U1050_3,Under,1.74074075,10.5
,1_68127118,0ML68127118_3,DEN Broncos,2.55,
,1_68127118,0ML68127118_1,BAL Ravens,1.55555556,
,2_64983548,0HC64983548N700_3,CLE Browns,1.90909091,-7.0
,2_64983548,0HC64983548P700_1,HOU Texans,1.90909091,7.0
,3_64983548,0OU64983548O4700_1,Over,1.90909091,47.0
,3_64983548,0OU64983548U4700_3,Under,1.90909091,47.0
,1_64983548,0ML64983548_3,CLE Browns,1.3125,
,1_64983548,0ML64983548_1,HOU Texans,3.65,
,3_68127146,0OU68127146O250_1,Over,2.45,2.5
,3_68127146,0OU68127146U250_3,Under,1.52631579,2.5
,3_68127147,0OU68127147O350_1,Over,2.35,3.5
,3_68127147,0OU68127147U350_3,Under,1.57142858,3.5
,3_68127149,0OU68127149O1950_1,Over,1.86956522,19.5
,3_68127149,0OU68127149U1950_3,Under,1.95238096,19.5
,3_68127150,0OU68127150O2750_1,Over,2.0,27.5
,3_68127150,0OU68127150U2750_3,Under,1.83333334,27.5
,127614007,0QA127614007#1393153212_13L88808Q13Q212130,21-30,2.35,
,127614007,0QA127614007#1393153215_13L88808Q14Q213140,31-40,3.35,
,127614007,0QA127614007#1393153096_13L88808Q12Q211120,11-20,4.5,
,127614007,0QA127614007#1393153235_13L88808Q15Q214150,41-50,9.5,
,127614007,0QA127614007#1393153093_13L88808Q11Q210110,0-10,21.0,
,127614007,0QA127614007#1393153238_13L88808Q16Q215199,51+,41.0,
,127614008,0QA127614008#1393153095_13L88808Q12Q211120,11-20,2.35,
,127614008,0QA127614008#1393153213_13L88808Q13Q212130,21-30,2.85,
,127614008,0QA127614008#1393153094_13L88808Q11Q210110,0-10,5.5,
,127614008,0QA127614008#1393153214_13L88808Q14Q213140,31-40,8.0,
,127614008,0QA127614008#1393153236_13L88808Q15Q214150,41-50,41.0,
,127614008,0QA127614008#1393153237_13L88808Q16Q215199,51+,91.0,
,127613960,0QA127613960#1393153038_13L88808Q10Q20,Yes,5.75,
,127613960,0QA127613960#1393153143_13L88808Q10Q21,No,1.11111112,
,127001182,0QA127001182#1389331925_13L88808Q12144217015Q20,Yes,1.71428572,
,127001182,0QA127001182#1389331926_13L88808Q11704823223Q20,No,2.05,
,3_68127158,0OU68127158O2250_1,Over,1.86956522,22.5
,3_68127158,0OU68127158U2250_3,Under,1.90909091,22.5
,1_68127151,0ML68127151_3,CLE Browns,1.60606061,
,1_68127151,0ML68127151_1,HOU Texans,2.35,
,127606706,0QA127606706#1393091908_13L88808Q1-912857727Q20,Yes,1.83333334,
,127606706,0QA127606706#1393091909_13L88808Q1-215146454Q20,No,1.90909091,
,3_68127157,0OU68127157O850_1,Over,1.86956522,8.5
,3_68127157,0OU68127157U850_3,Under,1.90909091,8.5
,127613949,0QA127613949#1393153222_13L88808Q10Q221,Away Touchdown,2.35,
,127613949,0QA127613949#1393153228_13L88808Q10Q210,Away Field Goal,4.4,
,127613949,0QA127613949#1393153242_13L88808Q10Q220,Away Safety,76.0,
,127613949,0QA127613949#1393153026_13L88808Q10Q212,Home Touchdown,4.2,
,127613949,0QA127613949#1393153155_13L88808Q10Q213,Home Field Goal,5.0,
,127613949,0QA127613949#1393153182_13L88808Q10Q211,Home Safety,76.0,
,127613950,0QA127613950#1393153028_13L88808Q11Q21,Touchdown,1.51282052,
,127613950,0QA127613950#1393153153_13L88808Q12Q22,Field Goal,2.35,
,127613950,0QA127613950#1393153183_13L88808Q13Q23,Safety,31.0,
,2_68118787,0HC68118787N350_3,CLE Browns,1.83333334,-3.5
,2_68118787,0HC68118787P350_1,HOU Texans,2.0,3.5
,3_68118787,0OU68118787O2350_1,Over,2.0,23.5
,3_68118787,0OU68118787U2350_3,Under,1.83333334,23.5
,1_68118787,0ML68118787_3,CLE Browns,1.43478261,
,1_68118787,0ML68118787_1,HOU Texans,2.95,
,2_68118788,0HC68118788N150_3,CLE Browns,1.95238096,-1.5
,2_68118788,0HC68118788P150_1,HOU Texans,1.86956522,1.5
,3_68118788,0OU68118788O950_1,Over,1.90909091,9.5
,3_68118788,0OU68118788U950_3,Under,1.90909091,9.5
,1_68118788,0ML68118788_3,CLE Browns,1.52631579,
,1_68118788,0ML68118788_1,HOU Texans,2.6,
,2_68127168,0HC68127168N250_3,CLE Browns,1.83333334,-2.5
,2_68127168,0HC68127168P250_1,HOU Texans,2.0,2.5
,3_68127168,0OU68127168O1350_1,Over,1.95238096,13.5
,3_68127168,0OU68127168U1350_3,Under,1.86956522,13.5
,1_68127168,0ML68127168_3,CLE Browns,1.55555556,
,1_68127168,0ML68127168_1,HOU Texans,2.55,
,2_68127169,0HC68127169N150_3,CLE Browns,1.95238096,-1.5
,2_68127169,0HC68127169P150_1,HOU Texans,1.86956522,1.5
,3_68127169,0OU68127169O950_1,Over,1.76923077,9.5
,3_68127169,0OU68127169U950_3,Under,2.1,9.5
,1_68127169,0ML68127169_3,CLE Browns,1.55555556,
,1_68127169,0ML68127169_1,HOU Texans,2.55,
,2_68127170,0HC68127170N150_3,CLE Browns,1.90909091,-1.5
,2_68127170,0HC68127170P150_1,HOU Texans,1.90909091,1.5
,3_68127170,0OU68127170O1350_1,Over,1.90909091,13.5
,3_68127170,0OU68127170U1350_3,Under,1.90909091,13.5
,1_68127170,0ML68127170_3,CLE Browns,1.60606061,
,1_68127170,0ML68127170_1,HOU Texans,2.4,
,2_64983547,0HC64983547P100_3,JAX Jaguars,1.86956522,1.0
,2_64983547,0HC64983547N100_1,DET Lions,1.95238096,-1.0
,3_64983547,0OU64983547O5150_1,Over,1.95238096,51.5
,3_64983547,0OU64983547U5150_3,Under,1.86956522,51.5
,1_64983547,0ML64983547_3,JAX Jaguars,1.90909091,
,1_64983547,0ML64983547_1,DET Lions,1.90909091,
,3_68127120,0OU68127120O250_1,Over,1.5,2.5
,3_68127120,0OU68127120U250_3,Under,2.5,2.5
,3_68127121,0OU68127121O350_1,Over,2.55,3.5
,3_68127121,0OU68127121U350_3,Under,1.47619048,3.5
,3_68127123,0OU68127123O2550_1,Over,1.86956522,25.5
,3_68127123,0OU68127123U2550_3,Under,1.95238096,25.5
,3_68127124,0OU68127124O2650_1,Over,1.95238096,26.5
,3_68127124,0OU68127124U2650_3,Under,1.86956522,26.5
,127613929,0QA127613929#1393152886_13L88808Q13Q212130,21-30,2.4,
,127613929,0QA127613929#1393152776_13L88808Q12Q211120,11-20,3.55,
,127613929,0QA127613929#1393152887_13L88808Q14Q213140,31-40,3.8,
,127613929,0QA127613929#1393152909_13L88808Q15Q214150,41-50,13.0,
,127613929,0QA127613929#1393152775_13L88808Q11Q210110,0-10,15.0,
,127613929,0QA127613929#1393152910_13L88808Q16Q215199,51+,56.0,
,127613928,0QA127613928#1393152885_13L88808Q13Q212130,21-30,2.4,
,127613928,0QA127613928#1393152888_13L88808Q14Q213140,31-40,3.7,
,127613928,0QA127613928#1393152777_13L88808Q12Q211120,11-20,3.75,
,127613928,0QA127613928#1393152908_13L88808Q15Q214150,41-50,12.0,
,127613928,0QA127613928#1393152774_13L88808Q11Q210110,0-10,15.0,
,127613928,0QA127613928#1393152911_13L88808Q16Q215199,51+,51.0,
,127613881,0QA127613881#1393152727_13L88808Q10Q20,Yes,5.5,
,127613881,0QA127613881#1393152824_13L88808Q10Q21,No,1.125,
,127000878,0QA127000878#1389329699_13L88808Q12144217015Q20,Yes,1.83333334,
,127000878,0QA127000878#1389329700_13L88808Q11704823223Q20,No,1.90909091,
,3_68127132,0OU68127132O1950_1,Over,1.86956522,19.5
,3_68127132,0OU68127132U1950_3,Under,1.90909091,19.5
,1_68127125,0ML68127125_3,JAX Jaguars,1.8,
,1_68127125,0ML68127125_1,DET Lions,1.95238096,
,127574942,0QA127574942#1392817419_13L88808Q1-912857727Q20,Yes,1.86956522,
,127574942,0QA127574942#1392817420_13L88808Q1-215146454Q20,No,1.86956522,
,3_68127131,0OU68127131O850_1,Over,1.90909091,8.5
,3_68127131,0OU68127131U850_3,Under,1.86956522,8.5
,127613870,0QA127613870#1393152895_13L88808Q10Q221,Away Touchdown,2.65,
,127613870,0QA127613870#1393152901_13L88808Q10Q210,Away Field Goal,5.25,
,127613870,0QA127613870#1393152915_13L88808Q10Q220,Away Safety,81.0,
,127613870,0QA127613870#1393152715_13L88808Q10Q212,Home Touchdown,2.95,
,127613870,0QA127613870#1393152836_13L88808Q10Q213,Home Field Goal,5.25,
,127613870,0QA127613870#1393152859_13L88808Q10Q211,Home Safety,81.0,
,127613871,0QA127613871#1393152717_13L88808Q11Q21,Touchdown,1.41666667,
,127613871,0QA127613871#1393152834_13L88808Q12Q22,Field Goal,2.7,
,127613871,0QA127613871#1393152860_13L88808Q13Q23,Safety,31.0,
,2_68118393,0HC68118393N150_3,JAX Jaguars,2.15,-1.5
,2_68118393,0HC68118393P150_1,DET Lions,1.74074075,1.5
,3_68118393,0OU68118393O2450_1,Over,1.90909091,24.5
,3_68118393,0OU68118393U2450_3,Under,1.90909091,24.5
,1_68118393,0ML68118393_3,JAX Jaguars,1.86956522,
,1_68118393,0ML68118393_1,DET Lions,1.95238096,
,2_68118394,0HC68118394N150_3,JAX Jaguars,2.4,-1.5
,2_68118394,0HC68118394P150_1,DET Lions,1.60606061,1.5
,3_68118394,0OU68118394O950_1,Over,1.68965518,9.5
,3_68118394,0OU68118394U950_3,Under,2.25,9.5
,1_68118394,0ML68118394_3,JAX Jaguars,1.86956522,
,1_68118394,0ML68118394_1,DET Lions,1.95238096,
,2_68127142,0HC68127142N150_3,JAX Jaguars,2.3,-1.5
,2_68127142,0HC68127142P150_1,DET Lions,1.66666667,1.5
,3_68127142,0OU68127142O1450_1,Over,2.0,14.5
,3_68127142,0OU68127142U1450_3,Under,1.83333334,14.5
,1_68127142,0ML68127142_3,JAX Jaguars,1.90909091,
,1_68127142,0ML68127142_1,DET Lions,1.90909091,
,2_68127143,0HC68127143N150_3,JAX Jaguars,2.4,-1.5
,2_68127143,0HC68127143P150_1,DET Lions,1.60606061,1.5
,3_68127143,0OU68127143O1050_1,Over,2.1,10.5
,3_68127143,0OU68127143U1050_3,Under,1.76923077,10.5
,1_68127143,0ML68127143_3,JAX Jaguars,1.86956522,
,1_68127143,0ML68127143_1,DET Lions,1.95238096,
,2_68127144,0HC68127144N150_3,JAX Jaguars,2.35,-1.5
,2_68127144,0HC68127144P150_1,DET Lions,1.6451613,1.5
,3_68127144,0OU68127144O1450_1,Over,1.90909091,14.5
,3_68127144,0OU68127144U1450_3,Under,1.90909091,14.5
,1_68127144,0ML68127144_3,JAX Jaguars,1.90909091,
,1_68127144,0ML68127144_1,DET Lions,1.90909091,
,2_64983544,0HC64983544P100_3,PIT Steelers,1.90909091,1.0
,2_64983544,0HC64983544N100_1,ATL Falcons,1.90909091,-1.0
,3_64983544,0OU64983544O4200_1,Over,1.90909091,42.0
,3_64983544,0OU64983544U4200_3,Under,1.90909091,42.0
,1_64983544,0ML64983544_3,PIT Steelers,1.95238096,
,1_64983544,0ML64983544_1,ATL Falcons,1.86956522,
,3_68139240,0OU68139240O250_1,Over,2.2,2.5
,3_68139240,0OU68139240U250_3,Under,1.625,2.5
,3_68139241,0OU68139241O250_1,Over,2.25,2.5
,3_68139241,0OU68139241U250_3,Under,1.60606061,2.5
,3_68139244,0OU68139244O2050_1,Over,1.95238096,20.5
,3_68139244,0OU68139244U2050_3,Under,1.86956522,20.5
,3_68139243,0OU68139243O2050_1,Over,1.86956522,20.5
,3_68139243,0OU68139243U2050_3,Under,1.95238096,20.5
,127706637,0QA127706637#1393665946_13L88808Q12Q211120,11-20,2.55,
,127706637,0QA127706637#1393666056_13L88808Q13Q212130,21-30,2.65,
,127706637,0QA127706637#1393666057_13L88808Q14Q213140,31-40,6.5,
,127706637,0QA127706637#1393665945_13L88808Q11Q210110,0-10,6.5,
,127706637,0QA127706637#1393666079_13L88808Q15Q214150,41-50,23.0,
,127706637,0QA127706637#1393666080_13L88808Q16Q215199,51+,76.0,
,127706636,0QA127706636#1393665947_13L88808Q12Q211120,11-20,2.55,
,127706636,0QA127706636#1393666055_13L88808Q13Q212130,21-30,2.7,
,127706636,0QA127706636#1393665944_13L88808Q11Q210110,0-10,6.0,
,127706636,0QA127706636#1393666058_13L88808Q14Q213140,31-40,7.0,
,127706636,0QA127706636#1393666078_13L88808Q15Q214150,41-50,26.0,
,127706636,0QA127706636#1393666081_13L88808Q16Q215199,51+,91.0,
,127706589,0QA127706589#1393665897_13L88808Q10Q20,Yes,5.75,
,127706589,0QA127706589#1393665994_13L88808Q10Q21,No,1.11111112,
,3_68139252,0OU68139252O2450_1,Over,1.86956522,24.5
,3_68139252,0OU68139252U2450_3,Under,1.90909091,24.5
,1_68139245,0ML68139245_3,PIT Steelers,1.8,
,1_68139245,0ML68139245_1,ATL Falcons,1.95238096,
,3_68139251,0OU68139251O950_1,Over,1.95238096,9.5
,3_68139251,0OU68139251U950_3,Under,1.83333334,9.5
,127706578,0QA127706578#1393666065_13L88808Q10Q221,Away Touchdown,3.05,
,127706578,0QA127706578#1393666071_13L88808Q10Q210,Away Field Goal,4.1,
,127706578,0QA127706578#1393666085_13L88808Q10Q220,Away Safety,71.0,
,127706578,0QA127706578#1393665885_13L88808Q10Q212,Home Touchdown,3.3,
,127706578,0QA127706578#1393666006_13L88808Q10Q213,Home Field Goal,4.5,
,127706578,0QA127706578#1393666029_13L88808Q10Q211,Home Safety,66.0,
,127706579,0QA127706579#1393665887_13L88808Q11Q21,Touchdown,1.60606061,
,127706579,0QA127706579#1393666004_13L88808Q12Q22,Field Goal,2.2,
,127706579,0QA127706579#1393666030_13L88808Q13Q23,Safety,31.0,
,2_68138332,0HC68138332N150_3,PIT Steelers,2.2,-1.5
,2_68138332,0HC68138332P150_1,ATL Falcons,1.71428572,1.5
,3_68138332,0OU68138332O2050_1,Over,1.86956522,20.5
,3_68138332,0OU68138332U2050_3,Under,1.95238096,20.5
,1_68138332,0ML68138332_3,PIT Steelers,1.90909091,
,1_68138332,0ML68138332_1,ATL Falcons,1.90909091,
,2_68138333,0HC68138333N150_3,PIT Steelers,2.4,-1.5
,2_68138333,0HC68138333P150_1,ATL Falcons,1.60606061,1.5
,3_68138333,0OU68138333O750_1,Over,2.05,7.5
,3_68138333,0OU68138333U750_3,Under,1.8,7.5
,1_68138333,0ML68138333_3,PIT Steelers,1.86956522,
,1_68138333,0ML68138333_1,ATL Falcons,1.95238096,
,2_68139262,0HC68139262P150_3,PIT Steelers,1.68965518,1.5
,2_68139262,0HC68139262N150_1,ATL Falcons,2.25,-1.5
,3_68139262,0OU68139262O1250_1,Over,1.76923077,12.5
,3_68139262,0OU68139262U1250_3,Under,2.1,12.5
,1_68139262,0ML68139262_3,PIT Steelers,2.0,
,1_68139262,0ML68139262_1,ATL Falcons,1.83333334,
,2_68139263,0HC68139263P150_3,PIT Steelers,1.60606061,1.5
,2_68139263,0HC68139263N150_1,ATL Falcons,2.4,-1.5
,3_68139263,0OU68139263O750_1,Over,2.1,7.5
,3_68139263,0OU68139263U750_3,Under,1.76923077,7.5
,1_68139263,0ML68139263_3,PIT Steelers,1.95238096,
,1_68139263,0ML68139263_1,ATL Falcons,1.86956522,
,2_68139264,0HC68139264P150_3,PIT Steelers,1.6451613,1.5
,2_68139264,0HC68139264N150_1,ATL Falcons,2.35,-1.5
,3_68139264,0OU68139264O1250_1,Over,1.95238096,12.5
,3_68139264,0OU68139264U1250_3,Under,1.86956522,12.5
,1_68139264,0ML68139264_3,PIT Steelers,1.95238096,
,1_68139264,0ML68139264_1,ATL Falcons,1.86956522,
,2_64983546,0HC64983546N450_3,GB Packers,1.90909091,-4.5
,2_64983546,0HC64983546P450_1,CHI Bears,1.90909091,4.5
,3_64983546,0OU64983546O4350_1,Over,1.90909091,43.5
,3_64983546,0OU64983546U4350_3,Under,1.90909091,43.5
,1_64983546,0ML64983546_3,GB Packers,1.55555556,
,1_64983546,0ML64983546_1,CHI Bears,2.55,
,2_64983553,0HC64983553P400_3,MIA Dolphins,1.90909091,4.0
,2_64983553,0HC64983553N400_1,SF 49ers,1.90909091,-4.0
,3_64983553,0OU64983553O4650_1,Over,1.90909091,46.5
,3_64983553,0OU64983553U4650_3,Under,1.90909091,46.5
,1_64983553,0ML64983553_3,MIA Dolphins,2.75,
,1_64983553,0ML64983553_1,SF 49ers,1.48780488,
,3_68127225,0OU68127225O250_1,Over,2.1,2.5
,3_68127225,0OU68127225U250_3,Under,1.66666667,2.5
,3_68127224,0OU68127224O250_1,Over,1.55555556,2.5
,3_68127224,0OU68127224U250_3,Under,2.4,2.5
,3_68127228,0OU68127228O2050_1,Over,1.86956522,20.5
,3_68127228,0OU68127228U2050_3,Under,1.95238096,20.5
,3_68127227,0OU68127227O2550_1,Over,1.90909091,25.5
,3_68127227,0OU68127227U2550_3,Under,1.90909091,25.5
,127614238,0QA127614238#1393153866_13L88808Q12Q211120,11-20,2.55,
,127614238,0QA127614238#1393153974_13L88808Q13Q212130,21-30,2.55,
,127614238,0QA127614238#1393153977_13L88808Q14Q213140,31-40,6.5,
,127614238,0QA127614238#1393153863_13L88808Q11Q210110,0-10,6.5,
,127614238,0QA127614238#1393153997_13L88808Q15Q214150,41-50,29.0,
,127614238,0QA127614238#1393154000_13L88808Q16Q215199,51+,81.0,
,127614239,0QA127614239#1393153975_13L88808Q13Q212130,21-30,2.4,
,127614239,0QA127614239#1393153865_13L88808Q12Q211120,11-20,3.45,
,127614239,0QA127614239#1393153976_13L88808Q14Q213140,31-40,3.9,
,127614239,0QA127614239#1393153864_13L88808Q11Q210110,0-10,14.0,
,127614239,0QA127614239#1393153998_13L88808Q15Q214150,41-50,14.0,
,127614239,0QA127614239#1393153999_13L88808Q16Q215199,51+,61.0,
,127614191,0QA127614191#1393153816_13L88808Q10Q20,Yes,5.5,
,127614191,0QA127614191#1393153913_13L88808Q10Q21,No,1.125,
,3_68127236,0OU68127236O2250_1,Over,1.86956522,22.5
,3_68127236,0OU68127236U2250_3,Under,1.90909091,22.5
,1_68127229,0ML68127229_3,MIA Dolphins,2.2,
,1_68127229,0ML68127229_1,SF 49ers,1.66666667,
,3_68127235,0OU68127235O850_1,Over,1.86956522,8.5
,3_68127235,0OU68127235U850_3,Under,1.90909091,8.5
,127614180,0QA127614180#1393153984_13L88808Q10Q221,Away Touchdown,3.95,
,127614180,0QA127614180#1393153990_13L88808Q10Q210,Away Field Goal,4.7,
,127614180,0QA127614180#1393154004_13L88808Q10Q220,Away Safety,66.0,
,127614180,0QA127614180#1393153804_13L88808Q10Q212,Home Touchdown,2.45,
,127614180,0QA127614180#1393153925_13L88808Q10Q213,Home Field Goal,4.5,
,127614180,0QA127614180#1393153948_13L88808Q10Q211,Home Safety,76.0,
,127614181,0QA127614181#1393153806_13L88808Q11Q21,Touchdown,1.54054055,
,127614181,0QA127614181#1393153923_13L88808Q12Q22,Field Goal,2.35,
,127614181,0QA127614181#1393153949_13L88808Q13Q23,Safety,29.0,
,2_68118789,0HC68118789P350_3,MIA Dolphins,1.83333334,3.5
,2_68118789,0HC68118789N350_1,SF 49ers,2.0,-3.5
,3_68118789,0OU68118789O2350_1,Over,2.0,23.5
,3_68118789,0OU68118789U2350_3,Under,1.83333334,23.5
,1_68118789,0ML68118789_3,MIA Dolphins,2.55,
,1_68118789,0ML68118789_1,SF 49ers,1.55555556,
,2_68118790,0HC68118790P150_3,MIA Dolphins,1.83333334,1.5
,2_68118790,0HC68118790N150_1,SF 49ers,2.0,-1.5
,3_68118790,0OU68118790O950_1,Over,1.86956522,9.5
,3_68118790,0OU68118790U950_3,Under,1.95238096,9.5
,1_68118790,0ML68118790_3,MIA Dolphins,2.55,
,1_68118790,0ML68118790_1,SF 49ers,1.55555556,
,2_68127246,0HC68127246P150_3,MIA Dolphins,1.83333334,1.5
,2_68127246,0HC68127246N150_1,SF 49ers,2.0,-1.5
,3_68127246,0OU68127246O1350_1,Over,2.0,13.5
,3_68127246,0OU68127246U1350_3,Under,1.83333334,13.5
,1_68127246,0ML68127246_3,MIA Dolphins,2.25,
,1_68127246,0ML68127246_1,SF 49ers,1.68965518,
,2_68127247,0HC68127247P150_3,MIA Dolphins,1.71428572,1.5
,2_68127247,0HC68127247N150_1,SF 49ers,2.2,-1.5
,3_68127247,0OU68127247O950_1,Over,1.83333334,9.5
,3_68127247,0OU68127247U950_3,Under,2.0,9.5
,1_68127247,0ML68127247_3,MIA Dolphins,2.15,
,1_68127247,0ML68127247_1,SF 49ers,1.74074075,
,2_68127248,0HC68127248P150_3,MIA Dolphins,1.74074075,1.5
,2_68127248,0HC68127248N150_1,SF 49ers,2.15,-1.5
,3_68127248,0OU68127248O1350_1,Over,1.90909091,13.5
,3_68127248,0OU68127248U1350_3,Under,1.90909091,13.5
,1_68127248,0ML68127248_3,MIA Dolphins,2.1,
,1_68127248,0ML68127248_1,SF 49ers,1.76923077,
,2_64983552,0HC64983552N750_3,SEA Seahawks,1.95238096,-7.5
,2_64983552,0HC64983552P750_1,LA Rams,1.86956522,7.5
,3_64983552,0OU64983552O4100_1,Over,1.90909091,41.0
,3_64983552,0OU64983552U4100_3,Under,1.90909091,41.0
,1_64983552,0ML64983552_3,SEA Seahawks,1.28985508,
,1_64983552,0ML64983552_1,LA Rams,3.85,
,3_68139292,0OU68139292O150_1,Over,1.68965518,1.5
,3_68139292,0OU68139292U150_3,Under,2.05,1.5
,3_68139293,0OU68139293O250_1,Over,1.71428572,2.5
,3_68139293,0OU68139293U250_3,Under,2.0,2.5
,3_68139295,0OU68139295O1650_1,Over,1.95238096,16.5
,3_68139295,0OU68139295U1650_3,Under,1.86956522,16.5
,3_68139296,0OU68139296O2450_1,Over,2.0,24.5
,3_68139296,0OU68139296U2450_3,Under,1.83333334,24.5
,127706792,0QA127706792#1393666436_13L88808Q12Q211120,11-20,2.2,
,127706792,0QA127706792#1393666435_13L88808Q11Q210110,0-10,3.3,
,127706792,0QA127706792#1393666546_13L88808Q13Q212130,21-30,3.75,
,127706792,0QA127706792#1393666547_13L88808Q14Q213140,31-40,14.0,
,127706792,0QA127706792#1393666569_13L88808Q15Q214150,41-50,61.0,
,127706792,0QA127706792#1393666570_13L88808Q16Q215199,51+,101.0,
,127706791,0QA127706791#1393666545_13L88808Q13Q212130,21-30,2.45,
,127706791,0QA127706791#1393666437_13L88808Q12Q211120,11-20,3.2,
,127706791,0QA127706791#1393666548_13L88808Q14Q213140,31-40,4.3,
,127706791,0QA127706791#1393666434_13L88808Q11Q210110,0-10,13.0,
,127706791,0QA127706791#1393666568_13L88808Q15Q214150,41-50,14.0,
,127706791,0QA127706791#1393666571_13L88808Q16Q215199,51+,51.0,
,127706744,0QA127706744#1393666387_13L88808Q10Q20,Yes,5.75,
,127706744,0QA127706744#1393666484_13L88808Q10Q21,No,1.11111112,
,3_68139304,0OU68139304O2450_1,Over,1.86956522,24.5
,3_68139304,0OU68139304U2450_3,Under,1.90909091,24.5
,1_68139297,0ML68139297_3,SEA Seahawks,1.625,
,1_68139297,0ML68139297_1,LA Rams,2.3,
,3_68139303,0OU68139303O850_1,Over,1.86956522,8.5
,3_68139303,0OU68139303U850_3,Under,1.90909091,8.5
,127706733,0QA127706733#1393666555_13L88808Q10Q221,Away Touchdown,2.6,
,127706733,0QA127706733#1393666561_13L88808Q10Q210,Away Field Goal,3.95,
,127706733,0QA127706733#1393666575_13L88808Q10Q220,Away Safety,76.0,
,127706733,0QA127706733#1393666375_13L88808Q10Q212,Home Touchdown,4.3,
,127706733,0QA127706733#1393666496_13L88808Q10Q213,Home Field Goal,4.6,
,127706733,0QA127706733#1393666519_13L88808Q10Q211,Home Safety,66.0,
,127706734,0QA127706734#1393666377_13L88808Q11Q21,Touchdown,1.6451613,
,127706734,0QA127706734#1393666494_13L88808Q12Q22,Field Goal,2.15,
,127706734,0QA127706734#1393666520_13L88808Q13Q23,Safety,29.0,
,2_68133370,0HC68133370N350_3,SEA Seahawks,1.83333334,-3.5
,2_68133370,0HC68133370P350_1,LA Rams,2.0,3.5
,3_68133370,0OU68133370O2050_1,Over,1.90909091,20.5
,3_68133370,0OU68133370U2050_3,Under,1.90909091,20.5
,1_68133370,0ML68133370_3,SEA Seahawks,1.44444445,
,1_68133370,0ML68133370_1,LA Rams,2.9,
,2_68133371,0HC68133371N150_3,SEA Seahawks,1.95238096,-1.5
,2_68133371,0HC68133371P150_1,LA Rams,1.86956522,1.5
,3_68133371,0OU68133371O750_1,Over,2.1,7.5
,3_68133371,0OU68133371U750_3,Under,1.76923077,7.5
,1_68133371,0ML68133371_3,SEA Seahawks,1.55555556,
,1_68133371,0ML68133371_1,LA Rams,2.55,
,2_68139314,0HC68139314N250_3,SEA Seahawks,1.8,-2.5
,2_68139314,0HC68139314P250_1,LA Rams,2.05,2.5
,3_68139314,0OU68139314O1250_1,Over,1.76923077,12.5
,3_68139314,0OU68139314U1250_3,Under,2.1,12.5
,1_68139314,0ML68139314_3,SEA Seahawks,1.51282052,
,1_68139314,0ML68139314_1,LA Rams,2.65,
,2_68139315,0HC68139315N150_3,SEA Seahawks,1.90909091,-1.5
,2_68139315,0HC68139315P150_1,LA Rams,1.90909091,1.5
,3_68139315,0OU68139315O750_1,Over,2.0,7.5
,3_68139315,0OU68139315U750_3,Under,1.83333334,7.5
,1_68139315,0ML68139315_3,SEA Seahawks,1.52631579,
,1_68139315,0ML68139315_1,LA Rams,2.6,
,2_68139316,0HC68139316N250_3,SEA Seahawks,1.86956522,-2.5
,2_68139316,0HC68139316P250_1,LA Rams,1.95238096,2.5
,3_68139316,0OU68139316O1050_1,Over,1.95238096,10.5
,3_68139316,0OU68139316U1050_3,Under,1.86956522,10.5
,1_68139316,0ML68139316_3,SEA Seahawks,1.51282052,
,1_68139316,0ML68139316_1,LA Rams,2.65,
,2_64983557,0HC64983557N150_3,KC Chiefs,1.90909091,-1.5
,2_64983557,0HC64983557P150_1,CIN Bengals,1.90909091,1.5
,3_64983557,0OU64983557O5300_1,Over,1.90909091,53.0
,3_64983557,0OU64983557U5300_3,Under,1.90909091,53.0
,1_64983557,0ML64983557_3,KC Chiefs,1.76923077,
,1_64983557,0ML64983557_1,CIN Bengals,2.1,
,3_68127250,0OU68127250O350_1,Over,2.5,3.5
,3_68127250,0OU68127250U350_3,Under,1.5,3.5
,3_68127251,0OU68127251O350_1,Over,2.3,3.5
,3_68127251,0OU68127251U350_3,Under,1.5882353,3.5
,3_68127254,0OU68127254O2650_1,Over,1.83333334,26.5
,3_68127254,0OU68127254U2650_3,Under,2.0,26.5
,3_68127253,0OU68127253O2650_1,Over,1.95238096,26.5
,3_68127253,0OU68127253U2650_3,Under,1.86956522,26.5
,127614316,0QA127614316#1393154220_13L88808Q13Q212130,21-30,2.35,
,127614316,0QA127614316#1393154221_13L88808Q14Q213140,31-40,3.65,
,127614316,0QA127614316#1393154110_13L88808Q12Q211120,11-20,3.8,
,127614316,0QA127614316#1393154243_13L88808Q15Q214150,41-50,13.0,
,127614316,0QA127614316#1393154109_13L88808Q11Q210110,0-10,15.0,
,127614316,0QA127614316#1393154244_13L88808Q16Q215199,51+,56.0,
,127614315,0QA127614315#1393154219_13L88808Q13Q212130,21-30,2.4,
,127614315,0QA127614315#1393154222_13L88808Q14Q213140,31-40,3.45,
,127614315,0QA127614315#1393154111_13L88808Q12Q211120,11-20,4.2,
,127614315,0QA127614315#1393154242_13L88808Q15Q214150,41-50,10.5,
,127614315,0QA127614315#1393154108_13L88808Q11Q210110,0-10,17.0,
,127614315,0QA127614315#1393154245_13L88808Q16Q215199,51+,41.0,
,127614268,0QA127614268#1393154061_13L88808Q10Q20,Yes,5.75,
,127614268,0QA127614268#1393154158_13L88808Q10Q21,No,1.125,
,3_68127262,0OU68127262O1950_1,Over,1.90909091,19.5
,3_68127262,0OU68127262U1950_3,Under,1.86956522,19.5
,1_68127255,0ML68127255_3,KC Chiefs,1.8,
,1_68127255,0ML68127255_1,CIN Bengals,1.95238096,
,3_68127261,0OU68127261O850_1,Over,1.86956522,8.5
,3_68127261,0OU68127261U850_3,Under,1.90909091,8.5
,127614257,0QA127614257#1393154229_13L88808Q10Q221,Away Touchdown,2.55,
,127614257,0QA127614257#1393154235_13L88808Q10Q210,Away Field Goal,5.5,
,127614257,0QA127614257#1393154249_13L88808Q10Q220,Away Safety,76.0,
,127614257,0QA127614257#1393154049_13L88808Q10Q212,Home Touchdown,2.95,
,127614257,0QA127614257#1393154170_13L88808Q10Q213,Home Field Goal,5.75,
,127614257,0QA127614257#1393154193_13L88808Q10Q211,Home Safety,76.0,
,127614258,0QA127614258#1393154051_13L88808Q11Q21,Touchdown,1.37037038,
,127614258,0QA127614258#1393154168_13L88808Q12Q22,Field Goal,2.85,
,127614258,0QA127614258#1393154194_13L88808Q13Q23,Safety,31.0,
,2_68118793,0HC68118793N150_3,KC Chiefs,2.05,-1.5
,2_68118793,0HC68118793P150_1,CIN Bengals,1.8,1.5
,3_68118793,0OU68118793O2650_1,Over,1.95238096,26.5
,3_68118793,0OU68118793U2650_3,Under,1.86956522,26.5
,1_68118793,0ML68118793_3,KC Chiefs,1.83333334,
,1_68118793,0ML68118793_1,CIN Bengals,2.0,
,2_68118794,0HC68118794N150_3,KC Chiefs,2.35,-1.5
,2_68118794,0HC68118794P150_1,CIN Bengals,1.6451613,1.5
,3_68118794,0OU68118794O1050_1,Over,2.25,10.5
,3_68118794,0OU68118794U1050_3,Under,1.68965518,10.5
,1_68118794,0ML68118794_3,KC Chiefs,1.83333334,
,1_68118794,0ML68118794_1,CIN Bengals,2.0,
,2_68127272,0HC68127272N150_3,KC Chiefs,2.25,-1.5
,2_68127272,0HC68127272P150_1,CIN Bengals,1.68965518,1.5
,3_68127272,0OU68127272O1550_1,Over,1.86956522,15.5
,3_68127272,0OU68127272U1550_3,Under,1.95238096,15.5
,1_68127272,0ML68127272_3,KC Chiefs,1.86956522,
,1_68127272,0ML68127272_1,CIN Bengals,1.95238096,
,2_68127273,0HC68127273N150_3,KC Chiefs,2.4,-1.5
,2_68127273,0HC68127273P150_1,CIN Bengals,1.60606061,1.5
,3_68127273,0OU68127273O1050_1,Over,2.05,10.5
,3_68127273,0OU68127273U1050_3,Under,1.8,10.5
,1_68127273,0ML68127273_3,KC Chiefs,1.86956522,
,1_68127273,0ML68127273_1,CIN Bengals,1.95238096,
,2_68127274,0HC68127274N150_3,KC Chiefs,2.25,-1.5
,2_68127274,0HC68127274P150_1,CIN Bengals,1.68965518,1.5
,3_68127274,0OU68127274O1450_1,Over,1.86956522,14.5
,3_68127274,0OU68127274U1450_3,Under,1.95238096,14.5
,1_68127274,0ML68127274_3,KC Chiefs,1.83333334,
,1_68127274,0ML68127274_1,CIN Bengals,2.0,
,2_64983558,0HC64983558N150_3,LA Chargers,1.90909091,-1.5
,2_64983558,0HC64983558P150_1,LV Raiders,1.90909091,1.5
,3_64983558,0OU64983558O5050_1,Over,1.86956522,50.5
,3_64983558,0OU64983558U5050_3,Under,1.95238096,50.5
,1_64983558,0ML64983558_3,LA Chargers,1.83333334,
,1_64983558,0ML64983558_1,LV Raiders,2.0,
,3_68127277,0OU68127277O250_1,Over,1.55555556,2.5
,3_68127277,0OU68127277U250_3,Under,2.4,2.5
,3_68127276,0OU68127276O250_1,Over,1.57142858,2.5
,3_68127276,0OU68127276U250_3,Under,2.35,2.5
,3_68127279,0OU68127279O2450_1,Over,1.90909091,24.5
,3_68127279,0OU68127279U2450_3,Under,1.90909091,24.5
,3_68127280,0OU68127280O2550_1,Over,1.86956522,25.5
,3_68127280,0OU68127280U2550_3,Under,1.95238096,25.5
,127614392,0QA127614392#1393154465_13L88808Q13Q212130,21-30,2.4,
,127614392,0QA127614392#1393154357_13L88808Q12Q211120,11-20,3.65,
,127614392,0QA127614392#1393154468_13L88808Q14Q213140,31-40,3.75,
,127614392,0QA127614392#1393154488_13L88808Q15Q214150,41-50,13.0,
,127614392,0QA127614392#1393154354_13L88808Q11Q210110,0-10,13.0,
,127614392,0QA127614392#1393154491_13L88808Q16Q215199,51+,51.0,
,127614393,0QA127614393#1393154466_13L88808Q13Q212130,21-30,2.35,
,127614393,0QA127614393#1393154356_13L88808Q12Q211120,11-20,3.5,
,127614393,0QA127614393#1393154467_13L88808Q14Q213140,31-40,4.1,
,127614393,0QA127614393#1393154355_13L88808Q11Q210110,0-10,12.0,
,127614393,0QA127614393#1393154489_13L88808Q15Q214150,41-50,14.0,
,127614393,0QA127614393#1393154490_13L88808Q16Q215199,51+,66.0,
,127614345,0QA127614345#1393154307_13L88808Q10Q20,Yes,5.5,
,127614345,0QA127614345#1393154404_13L88808Q10Q21,No,1.125,
,3_68127288,0OU68127288O2150_1,Over,1.90909091,21.5
,3_68127288,0OU68127288U2150_3,Under,1.86956522,21.5
,1_68127281,0ML68127281_3,LA Chargers,1.8,
,1_68127281,0ML68127281_1,LV Raiders,1.95238096,
,3_68127287,0OU68127287O850_1,Over,1.86956522,8.5
,3_68127287,0OU68127287U850_3,Under,1.90909091,8.5
,127614334,0QA127614334#1393154475_13L88808Q10Q221,Away Touchdown,2.75,
,127614334,0QA127614334#1393154481_13L88808Q10Q210,Away Field Goal,4.7,
,127614334,0QA127614334#1393154495_13L88808Q10Q220,Away Safety,76.0,
,127614334,0QA127614334#1393154295_13L88808Q10Q212,Home Touchdown,2.95,
,127614334,0QA127614334#1393154416_13L88808Q10Q213,Home Field Goal,5.25,
,127614334,0QA127614334#1393154439_13L88808Q10Q211,Home Safety,81.0,
,127614335,0QA127614335#1393154297_13L88808Q11Q21,Touchdown,1.45454546,
,127614335,0QA127614335#1393154414_13L88808Q12Q22,Field Goal,2.55,
,127614335,0QA127614335#1393154440_13L88808Q13Q23,Safety,31.0,
,2_68118791,0HC68118791N150_3,LA Chargers,2.15,-1.5
,2_68118791,0HC68118791P150_1,LV Raiders,1.74074075,1.5
,3_68118791,0OU68118791O2450_1,Over,1.95238096,24.5
,3_68118791,0OU68118791U2450_3,Under,1.86956522,24.5
,1_68118791,0ML68118791_3,LA Chargers,1.86956522,
,1_68118791,0ML68118791_1,LV Raiders,1.95238096,
,2_68118792,0HC68118792N150_3,LA Chargers,2.4,-1.5
,2_68118792,0HC68118792P150_1,LV Raiders,1.60606061,1.5
,3_68118792,0OU68118792O950_1,Over,1.8,9.5
,3_68118792,0OU68118792U950_3,Under,2.05,9.5
,1_68118792,0ML68118792_3,LA Chargers,1.86956522,
,1_68118792,0ML68118792_1,LV Raiders,1.95238096,
,2_68127298,0HC68127298P150_3,LA Chargers,1.66666667,1.5
,2_68127298,0HC68127298N150_1,LV Raiders,2.3,-1.5
,3_68127298,0OU68127298O1450_1,Over,1.95238096,14.5
,3_68127298,0OU68127298U1450_3,Under,1.86956522,14.5
,1_68127298,0ML68127298_3,LA Chargers,1.95238096,
,1_68127298,0ML68127298_1,LV Raiders,1.86956522,
,2_68127299,0HC68127299N150_3,LA Chargers,2.35,-1.5
,2_68127299,0HC68127299P150_1,LV Raiders,1.6451613,1.5
,3_68127299,0OU68127299O1050_1,Over,2.15,10.5
,3_68127299,0OU68127299U1050_3,Under,1.74074075,10.5
,1_68127299,0ML68127299_3,LA Chargers,1.83333334,
,1_68127299,0ML68127299_1,LV Raiders,2.0,
,2_68127300,0HC68127300N150_3,LA Chargers,2.25,-1.5
,2_68127300,0HC68127300P150_1,LV Raiders,1.68965518,1.5
,3_68127300,0OU68127300O1450_1,Over,2.05,14.5
,3_68127300,0OU68127300U1450_3,Under,1.8,14.5
,1_68127300,0ML68127300_3,LA Chargers,1.83333334,
,1_68127300,0ML68127300_1,LV Raiders,2.0,
,2_64983562,0HC64983562P1100_3,IND Colts,1.90909091,11.0
,2_64983562,0HC64983562N1100_1,DAL Cowboys,1.90909091,-11.0
,3_64983562,0OU64983562O4350_1,Over,1.90909091,43.5
,3_64983562,0OU64983562U4350_3,Under,1.90909091,43.5
,1_64983562,0ML64983562_3,IND Colts,5.1,
,1_64983562,0ML64983562_1,DAL Cowboys,1.1923077,
,3_68139319,0OU68139319O150_1,Over,1.8,1.5
,3_68139319,0OU68139319U150_3,Under,1.86956522,1.5
,3_68139318,0OU68139318O350_1,Over,2.35,3.5
,3_68139318,0OU68139318U350_3,Under,1.57142858,3.5
,3_68139322,0OU68139322O1550_1,Over,1.86956522,15.5
,3_68139322,0OU68139322U1550_3,Under,1.95238096,15.5
,3_68139321,0OU68139321O2750_1,Over,2.0,27.5
,3_68139321,0OU68139321U2750_3,Under,1.83333334,27.5
,127706869,0QA127706869#1393666791_13L88808Q13Q212130,21-30,2.45,
,127706869,0QA127706869#1393666792_13L88808Q14Q213140,31-40,3.4,
,127706869,0QA127706869#1393666681_13L88808Q12Q211120,11-20,4.3,
,127706869,0QA127706869#1393666814_13L88808Q15Q214150,41-50,9.0,
,127706869,0QA127706869#1393666680_13L88808Q11Q210110,0-10,21.0,
,127706869,0QA127706869#1393666815_13L88808Q16Q215199,51+,36.0,
,127706868,0QA127706868#1393666682_13L88808Q12Q211120,11-20,2.25,
,127706868,0QA127706868#1393666679_13L88808Q11Q210110,0-10,2.9,
,127706868,0QA127706868#1393666790_13L88808Q13Q212130,21-30,3.95,
,127706868,0QA127706868#1393666793_13L88808Q14Q213140,31-40,16.0,
,127706868,0QA127706868#1393666813_13L88808Q15Q214150,41-50,61.0,
,127706868,0QA127706868#1393666816_13L88808Q16Q215199,51+,101.0,
,127706821,0QA127706821#1393666632_13L88808Q10Q20,Yes,6.0,
,127706821,0QA127706821#1393666729_13L88808Q10Q21,No,1.11111112,
,127003518,0QA127003518#1389348943_13L88808Q11287276071Q20,Yes,1.86956522,
,127003518,0QA127003518#1389348944_13L88808Q1-2098810608Q20,No,1.86956522,
,127003516,0QA127003516#1389348941_13L88808Q12144217015Q20,Yes,2.0,
,127003516,0QA127003516#1389348942_13L88808Q11704823223Q20,No,1.74074075,
,3_68139330,0OU68139330O2350_1,Over,1.90909091,23.5
,3_68139330,0OU68139330U2350_3,Under,1.86956522,23.5
,1_68139323,0ML68139323_3,IND Colts,2.65,
,1_68139323,0ML68139323_1,DAL Cowboys,1.48780488,
,127003517,0QA127003517#1389348945_13L88808Q1-912857727Q20,Yes,1.90909091,
,127003517,0QA127003517#1389348946_13L88808Q1-215146454Q20,No,1.83333334,
,3_68139329,0OU68139329O850_1,Over,1.86956522,8.5
,3_68139329,0OU68139329U850_3,Under,1.90909091,8.5
,127706810,0QA127706810#1393666800_13L88808Q10Q221,Away Touchdown,5.25,
,127706810,0QA127706810#1393666806_13L88808Q10Q210,Away Field Goal,4.8,
,127706810,0QA127706810#1393666820_13L88808Q10Q220,Away Safety,71.0,
,127706810,0QA127706810#1393666620_13L88808Q10Q212,Home Touchdown,2.2,
,127706810,0QA127706810#1393666741_13L88808Q10Q213,Home Field Goal,4.1,
,127706810,0QA127706810#1393666764_13L88808Q10Q211,Home Safety,76.0,
,127706811,0QA127706811#1393666622_13L88808Q11Q21,Touchdown,1.55555556,
,127706811,0QA127706811#1393666739_13L88808Q12Q22,Field Goal,2.3,
,127706811,0QA127706811#1393666765_13L88808Q13Q23,Safety,29.0,
,2_68138336,0HC68138336P650_3,IND Colts,2.0,6.5
,2_68138336,0HC68138336N650_1,DAL Cowboys,1.83333334,-6.5
,3_68138336,0OU68138336O2150_1,Over,1.90909091,21.5
,3_68138336,0OU68138336U2150_3,Under,1.90909091,21.5
,1_68138336,0ML68138336_3,IND Colts,3.85,
,1_68138336,0ML68138336_1,DAL Cowboys,1.28985508,
,2_68138337,0HC68138337P350_3,IND Colts,1.8,3.5
,2_68138337,0HC68138337N350_1,DAL Cowboys,2.05,-3.5
,3_68138337,0OU68138337O750_1,Over,1.95238096,7.5
,3_68138337,0OU68138337U750_3,Under,1.86956522,7.5
,1_68138337,0ML68138337_3,IND Colts,3.3,
,1_68138337,0ML68138337_1,DAL Cowboys,1.36363637,
,2_68139340,0HC68139340P350_3,IND Colts,1.86956522,3.5
,2_68139340,0HC68139340N350_1,DAL Cowboys,1.95238096,-3.5
,3_68139340,0OU68139340O1350_1,Over,2.1,13.5
,3_68139340,0OU68139340U1350_3,Under,1.76923077,13.5
,1_68139340,0ML68139340_3,IND Colts,3.05,
,1_68139340,0ML68139340_1,DAL Cowboys,1.40816327,
,2_68139341,0HC68139341P250_3,IND Colts,2.0,2.5
,2_68139341,0HC68139341N250_1,DAL Cowboys,1.83333334,-2.5
,3_68139341,0OU68139341O950_1,Over,1.95238096,9.5
,3_68139341,0OU68139341U950_3,Under,1.86956522,9.5
,1_68139341,0ML68139341_3,IND Colts,2.85,
,1_68139341,0ML68139341_1,DAL Cowboys,1.46511628,
,2_68139342,0HC68139342P250_3,IND Colts,2.1,2.5
,2_68139342,0HC68139342N250_1,DAL Cowboys,1.76923077,-2.5
,3_68139342,0OU68139342O1250_1,Over,1.90909091,12.5
,3_68139342,0OU68139342U1250_3,Under,1.90909091,12.5
,1_68139342,0ML68139342_3,IND Colts,2.95,
,1_68139342,0ML68139342_1,DAL Cowboys,1.43478261,
,2_64983563,0HC64983563P400_3,NO Saints,1.90909091,4.0
,2_64983563,0HC64983563N400_1,TB Buccaneers,1.90909091,-4.0
,3_64983563,0OU64983563O4050_1,Over,1.90909091,40.5
,3_64983563,0OU64983563U4050_3,Under,1.90909091,40.5
,1_64983563,0ML64983563_3,NO Saints,2.75,
,1_64983563,0ML64983563_1,TB Buccaneers,1.48780488,
,3_68127303,0OU68127303O150_1,Over,1.5882353,1.5
,3_68127303,0OU68127303U150_3,Under,2.3,1.5
,3_68127302,0OU68127302O250_1,Over,2.0,2.5
,3_68127302,0OU68127302U250_3,Under,1.71428572,2.5
,3_68127306,0OU68127306O1750_1,Over,1.95238096,17.5
,3_68127306,0OU68127306U1750_3,Under,1.86956522,17.5
,3_68127305,0OU68127305O2250_1,Over,1.90909091,22.5
,3_68127305,0OU68127305U2250_3,Under,1.90909091,22.5
,127614469,0QA127614469#1393154602_13L88808Q12Q211120,11-20,2.2,
,127614469,0QA127614469#1393154710_13L88808Q13Q212130,21-30,3.2,
,127614469,0QA127614469#1393154599_13L88808Q11Q210110,0-10,4.3,
,127614469,0QA127614469#1393154713_13L88808Q14Q213140,31-40,10.5,
,127614469,0QA127614469#1393154733_13L88808Q15Q214150,41-50,51.0,
,127614469,0QA127614469#1393154736_13L88808Q16Q215199,51+,91.0,
,127614470,0QA127614470#1393154711_13L88808Q13Q212130,21-30,2.5,
,127614470,0QA127614470#1393154601_13L88808Q12Q211120,11-20,2.7,
,127614470,0QA127614470#1393154712_13L88808Q14Q213140,31-40,5.75,
,127614470,0QA127614470#1393154600_13L88808Q11Q210110,0-10,8.0,
,127614470,0QA127614470#1393154734_13L88808Q15Q214150,41-50,21.0,
,127614470,0QA127614470#1393154735_13L88808Q16Q215199,51+,81.0,
,127614422,0QA127614422#1393154552_13L88808Q10Q20,Yes,5.75,
,127614422,0QA127614422#1393154649_13L88808Q10Q21,No,1.11111112,
,127004587,0QA127004587#1389354459_13L88808Q12144217015Q20,Yes,1.95238096,
,127004587,0QA127004587#1389354460_13L88808Q11704823223Q20,No,1.8,
,3_68127314,0OU68127314O2550_1,Over,1.90909091,25.5
,3_68127314,0OU68127314U2550_3,Under,1.86956522,25.5
,1_68127307,0ML68127307_3,NO Saints,2.2,
,1_68127307,0ML68127307_1,TB Buccaneers,1.66666667,
,127573649,0QA127573649#1392804322_13L88808Q1-912857727Q20,Yes,1.86956522,
,127573649,0QA127573649#1392804323_13L88808Q1-215146454Q20,No,1.86956522,
,3_68127313,0OU68127313O950_1,Over,1.95238096,9.5
,3_68127313,0OU68127313U950_3,Under,1.83333334,9.5
,127614411,0QA127614411#1393154720_13L88808Q10Q221,Away Touchdown,4.2,
,127614411,0QA127614411#1393154726_13L88808Q10Q210,Away Field Goal,4.2,
,127614411,0QA127614411#1393154740_13L88808Q10Q220,Away Safety,61.0,
,127614411,0QA127614411#1393154540_13L88808Q10Q212,Home Touchdown,2.75,
,127614411,0QA127614411#1393154661_13L88808Q10Q213,Home Field Goal,3.85,
,127614411,0QA127614411#1393154684_13L88808Q10Q211,Home Safety,71.0,
,127614412,0QA127614412#1393154542_13L88808Q11Q21,Touchdown,1.71428572,
,127614412,0QA127614412#1393154659_13L88808Q12Q22,Field Goal,2.05,
,127614412,0QA127614412#1393154685_13L88808Q13Q23,Safety,26.0,
,2_68118795,0HC68118795P250_3,NO Saints,2.05,2.5
,2_68118795,0HC68118795N250_1,TB Buccaneers,1.8,-2.5
,3_68118795,0OU68118795O1950_1,Over,1.8,19.5
,3_68118795,0OU68118795U1950_3,Under,2.05,19.5
,1_68118795,0ML68118795_3,NO Saints,2.5,
,1_68118795,0ML68118795_1,TB Buccaneers,1.57142858,
,2_68118796,0HC68118796P150_3,NO Saints,1.8,1.5
,2_68118796,0HC68118796N150_1,TB Buccaneers,2.05,-1.5
,3_68118796,0OU68118796O750_1,Over,2.15,7.5
,3_68118796,0OU68118796U750_3,Under,1.74074075,7.5
,1_68118796,0ML68118796_3,NO Saints,2.35,
,1_68118796,0ML68118796_1,TB Buccaneers,1.6451613,
,2_68127324,0HC68127324P150_3,NO Saints,1.83333334,1.5
,2_68127324,0HC68127324N150_1,TB Buccaneers,2.0,-1.5
,3_68127324,0OU68127324O1150_1,Over,1.90909091,11.5
,3_68127324,0OU68127324U1150_3,Under,1.90909091,11.5
,1_68127324,0ML68127324_3,NO Saints,2.3,
,1_68127324,0ML68127324_1,TB Buccaneers,1.66666667,
,2_68127325,0HC68127325P150_3,NO Saints,1.74074075,1.5
,2_68127325,0HC68127325N150_1,TB Buccaneers,2.15,-1.5
,3_68127325,0OU68127325O750_1,Over,2.05,7.5
,3_68127325,0OU68127325U750_3,Under,1.8,7.5
,1_68127325,0ML68127325_3,NO Saints,2.25,
,1_68127325,0ML68127325_1,TB Buccaneers,1.68965518,
,2_68127326,0HC68127326P150_3,NO Saints,1.74074075,1.5
,2_68127326,0HC68127326N150_1,TB Buccaneers,2.15,-1.5
,3_68127326,0OU68127326O1050_1,Over,1.90909091,10.5
,3_68127326,0OU68127326U1050_3,Under,1.90909091,10.5
,1_68127326,0ML68127326_3,NO Saints,2.2,
,1_68127326,0ML68127326_1,TB Buccaneers,1.71428572,
